instrument_token,tradingsymbol,avg_volume
1793,AARTIIND,1243886
3329,ABB,326136
4865,STYRENIX,28292
5633,ACC,338414
6401,ADANIENT,762803
8705,ADOR,11858
10241,AEGISLOG,666547
12289,HAPPSTMNDS,324899
20225,ALEMBICLTD,275382
25601,ARE&M,600761
26625,SHAREINDIA,356603
32769,ROUTE,82516
34817,ANDHRSUGAR,219459
36865,GODREJAGRO,304001
39425,APCOTEXIND,40655
40193,APOLLOHOSP,405142
41729,APOLLOTYRE,911205
42497,ANDHRAPAP,307364
46337,ARENTERP,1008
47105,TCPLPACK,5283
49409,ARVIND,395773
50945,MASFIN,122102
51457,UNIDT,10835
51969,ASHAPURMIN,747250
52737,ASHIMASYN,147299
54273,ASHOKLEY,14601808
56321,IEX,22277105
60417,ASIANPAINT,1060781
62721,ADL,5817
65281,NIRAJ,28244
67329,ATUL,31502
69121,CHEMCON,163122
70401,AUROPHARMA,1410837
70913,GICRE,915998
71169,AUTOAXLES,16136
78081,BAJAJHLDNG,58618
78849,BAJAJHIND,7996508
79873,TIINDIA,385635
81153,BAJFINANCE,7719217
82945,ANGELONE,965804
85761,BALKRISIND,266496
86529,BALMLAWRIE,379154
87297,BALRAMCHIN,421291
87553,CAMS,340743
88833,BANARBEADS,9737
89601,BANARISUG,797
94209,BASF,17782
94977,BATAINDIA,284452
97281,BBTC,53509
97537,SINTERCOM,18324
98049,BEL,13206172
98561,MAHLOG,219296
100609,GLOBE,803618
101121,BEML,341091
102145,NIACL,5409900
103425,BERGEPAINT,467068
107265,BEPL,309425
108033,BHARATFORG,1011199
108801,KHADIM,54986
109057,BHARATGEAR,66696
111617,IFGLEXPOR,99751
112129,BHEL,6872759
119553,HDFCLIFE,2417694
120577,OSWALGREEN,279781
122881,BIRLACORPN,147223
125185,ICEMAKE,18461
126721,BLUEDART,17861
130305,MAZDOCK,1557899
131329,BOMDYEING,4890545
133633,ICICIB22,286523
134657,BPCL,5598962
134913,UTIAMC,156792
135681,BPL,75365
140033,BRITANNIA,405101
143105,BSL,20194
147969,LIKHITHA,56219
149249,CANFINHOME,199577
151553,GRAPHITE,666474
152321,CARBORUNIV,304601
158465,CENTENKA,18288
160001,ABREL,123182
160769,CESC,2912066
162305,IGARASHI,96913
163073,CHAMBLFERT,2075008
164097,DNAMEDIA,325037
173057,EXIDEIND,3000761
175361,CHOLAFIN,1471924
177665,CIPLA,1396696
179457,HEMIPROP,1143153
179969,DICIND,2251
181249,SHRADHA,77145
182785,SHALBY,720581
183041,HEUBACHIND,25165
184833,SBIETFPB,3060
189185,COROMANDEL,448171
189441,SBIETFIT,12112
189953,COSMOFIRST,79259
193793,CRISIL,34241
194561,CGPOWER,3848183
197633,DABUR,2692312
199169,KEEPLEARN,35233
199937,DALMIASUG,87342
205825,SHIVATEX,4916
206081,DCM,22048
207105,BSHSL,15945
207617,DCMSHRIRAM,202789
209153,DCW,1212059
210433,BANKA,25515
211713,DEEPAKFERT,276030
219393,DHAMPURSUG,209725
223745,ASTRON,105480
225537,DRREDDY,1459243
229377,KHAICHEM,309863
232961,EICHERMOT,571459
233729,EQUITASBNK,3197649
234497,EIDPARRY,273228
235265,EIHOTEL,754126
237057,ORCHPHARMA,73229
237569,ELECTCAST,1482085
239617,DPABHUSHAN,43166
239873,ELGIEQUIP,596504
240641,PGHL,21290
244481,ESABINDIA,3285
245249,ESCORTS,194192
247553,SUBEXLTD,556860
251137,EPL,663225
254209,EVERESTIND,21780
255745,EUROTEXIND,8029
258049,FACT,494234
258817,SCHAEFFLER,59389
261889,FEDERALBNK,6775989
263681,AARON,120285
265729,FINCABLES,234736
266497,FINPIPE,804679
269569,UFLEX,37490
274689,FOSECOIND,27200
275457,ZENSARTECH,495680
277761,GABRIEL,540853
281601,GARFIBRES,51052
284161,DANGEE,61153
288513,GHCL,103859
289025,GTECJAINX,1163
290305,APOLLO,18416861
291585,GICHSGFIN,76158
293121,GIPCL,274499
295169,GLAXO,108971
295937,GLFL,3872
297473,GTL,793121
297985,NEWGEN,1666292
299009,GMBREW,19650
300545,GNFC,363913
302337,GODFRYPHLP,1622132
303361,AMBER,395721
303617,GLAND,271976
304641,FMGOETZE,73734
306177,KANSAINER,453418
307201,ESG,18340
310785,DELTAMAGNT,2738
315393,GRASIM,608634
316161,GREAVESCOT,4187432
319233,GSFC,1760154
320001,CASTROLIND,1534850
324353,GUJALKALI,69397
325121,AMBUJACEM,3165373
329985,GFLLIMITED,44324
336129,HARRMALAYA,14610
336641,GALAXYSURF,17238
339969,MARINE,204451
341249,HDFCBANK,15754488
342017,HEG,1969049
342529,SDBL,924383
345089,HEROMOTOCO,862825
348161,HIMATSEIDE,682818
348929,HINDALCO,4651889
351233,HINDCOMPOS,5627
352001,HCC,3867847
356865,HINDUNILVR,1557780
359169,HINDOILEXP,378485
359937,HINDPETRO,3901102
361473,AGI,444086
364545,HINDZINC,2482111
369153,SANOFI,9995
370689,HLVLTD,465007
372481,BIRLANU,14530
375041,ACCURACY,146658
375553,AKZOINDIA,34842
377857,IDBI,7460508
378881,REPL,15250
379393,IFBAGRO,5468
380161,IFBIND,93178
381697,IFCI,5261213
382465,RBA,1174518
383233,SHIVAMILLS,5271
385793,MOGSEC,36674
386049,ASTERDM,812717
387073,INDHOTEL,2314152
387841,INDIACEM,1261493
389377,INDIAGLYCO,247383
391681,INDIANHUME,37987
396033,RKEC,59546
400641,RVHL,62726
401921,GMMPFAUDLR,55015
403457,GILLETTE,26038
404737,TARC,483759
407809,MGEL,994734
408065,INFY,8167203
408833,INGERRAND,8314
413185,FAIRCHEMOR,7576
414977,TATAINVEST,95596
415745,IOC,8085170
416513,LINDEINDIA,18079
416769,BECTORFOOD,106810
417281,IONEXCHANG,233994
418049,IPCALAB,210747
424961,ITC,12631184
425729,SUNDROP,18948
428033,HGINFRA,82689
428801,ITI,973395
430337,IVP,8606
440321,JAYSREETEA,58076
441857,JBCHEPHARM,192154
449537,JINDALPOLY,249764
456193,KANPRPLA,25063
460033,AWHCL,67215
461313,JYOTISTRUC,6860529
462081,KABRAEXTRU,48243
462849,KAJARIACER,526502
463617,KAKATCEM,8313
464385,KPIL,382092
467457,KAMATHOTEL,259520
469761,KANORICHEM,13512
470529,KARURVYSYA,1926256
471297,KCP,262552
475905,KESORAMIND,697719
481025,CARYSIL,170838
486657,CUMMINSIND,562300
491265,KOPRAN,225828
492033,KOTAKBANK,3474018
492289,WEALTH,5699
495873,KREBSBIO,6260
498945,KSB,280385
502785,TRENT,944745
506625,LMW,3805
510465,LIBERTSHOE,26491
511233,LICHSGFIN,1543594
513025,AHLADA,20877
516609,LUMAXIND,31303
519169,LYKALABS,38162
519425,IRFC,10279932
519937,M&M,2738470
523009,RAMCOCEM,266351
524289,INDIGOPNTS,41848
524545,CHENNPETRO,1271429
526337,HOMEFIRST,349393
530689,VTL,1276347
533761,MAHSCOOTER,10061
534529,MAHSEAMLES,175652
539137,MANGLMCEM,76394
539393,STOVEKRAFT,198149
540673,MARALOVER,59601
543745,MASTEK,228912
548353,MFSL,553837
548865,BDL,1670418
555009,RAJMET,537206
557057,AKG,39993
558337,BOSCHLTD,36722
558849,SUNDARMHLD,253062
560129,GENCON,66865
570625,MODIRUBBER,1519
573697,MODTHREAD,6989
577537,PENINLAND,1199292
578305,MOREPENLAB,3735178
579329,BANDHANBNK,4769818
580609,MOTOGENFIN,69206
582913,MRF,7231
584449,MRPL,3507707
585985,HLEGLAS,663385
587265,MTNL,2148097
589569,HAL,1224196
590337,BESTAGRO,114987
590593,MUNJALSHOW,55218
592129,MURUDCERA,44743
592897,HEIDELBERG,199280
593665,NCC,3039014
593921,SMCGLOBAL,76429
596737,JAYNECOIND,70395870
601601,NURECA,14873
610561,NAVNETEDUL,541538
611329,NELCO,123592
613633,SANDHAR,95506
615937,NEULANDLAB,62961
617473,PEL,585231
619777,NILKAMAL,6232
622337,RAILTEL,2236249
623361,CONSUMBEES,188911
624385,NKIND,5917
625153,NOCIL,313480
628225,CENTRUM,280107
630529,MIDHANI,415436
632833,OILCOUNTUB,29181
633601,ONGC,8012362
638209,ORIENTHOT,257642
638977,ORIENTPPR,618212
643329,BCLIND,826437
643585,OSWALAGRO,290958
648961,PGHH,17114
655873,HUHTAMAKI,203931
665089,AMJLAND,36172
667137,LEMONTREE,4952006
668161,PEARLPOLY,167872
669185,HERANBA,108418
669697,SEAMECLTD,64597
672513,IT,237278
674817,DIVOPPBEES,83063
676609,PFIZER,40194
677121,DRCSYSTEMS,117514
678145,PCBL,824581
681985,PIDILITIND,306844
687873,POLYPLEX,62715
692481,PRAJIND,747665
693249,PRAKASH,1484688
693505,MTARTECH,226400
695297,BUTTERFLY,37536
695553,PRECWIRE,149019
701185,PRSMJOHNSN,664759
712449,JUBLINGREA,250507
714753,EASEMYTRIP,17857900
715265,RSWM,40328
716545,CHEMFAB,10239
719105,RAJSREESUG,105327
720385,ARVEE,699
720897,RALLIS,852324
724225,ANURAS,215794
726273,RANASUG,188967
727297,LXCHEM,2085643
728065,RANEHOLDIN,12886
730625,CRAFTSMAN,51528
731905,RAYMOND,462330
733697,RCF,2189909
734209,HITECH,2169401
738561,RELIANCE,10284727
744705,RICOAUTO,5596831
745473,RIIL,120544
752385,RUBYMILLS,31276
755457,S&SPOWER,2678
756481,KALYANKJIL,5611625
758529,SAIL,9830379
760065,SAKHTISUG,117098
760321,SURYODAY,132807
760833,ORIENTELEC,206028
764673,NAZARA,1629675
764929,SANDESH,5359
767233,SANGHIIND,202060
768513,WONDERLA,44763
770305,KOHINOOR,60490
772609,SAURASHCEM,553649
773377,SOTL,42380
773633,SDL26BEES,25476
774145,JINDALSAW,1358289
779521,SBIN,7822230
780289,SCI,1621266
784129,VEDL,7832775
784897,SESHAPAPER,24760
787969,SHANTIGEAR,84678
790529,INDOSTAR,150492
793345,SHREDIGCEM,1065299
794369,SHREECEM,31236
800257,SHREYANIND,7756
800513,BARBEQUE,99840
801025,TRANSWORLD,21341
803329,HONDAPOWER,13514
806145,BORORENEW,675971
806401,SIEMENS,410167
809473,SIMPLEXINF,119489
812033,GILT5YBEES,344031
815617,SKFINDIA,33652
824321,LODHA,1709899
828673,JTEKTINDIA,1580499
831233,NITIRAJ,11755
832513,SPIC,3588931
837889,SRF,419501
838401,TEMBO,60786
842497,STARPAPER,22348
842753,DEEPINDS,330410
848897,MODISONLTD,111737
850177,SPMLINFRA,778841
850945,SUBROS,119996
851713,SUDARSCHEM,318343
852225,ISGEC,28744
854785,SUNDARMFIN,92155
856321,SUNDRMFAST,103128
857089,SUNFLAG,268575
857857,SUNPHARMA,2444900
859393,SUPERSPIN,87223
860929,SUPREMEIND,194003
864001,SURYAROSNI,463340
866305,SWARAJENG,25531
867073,SMLISUZU,169942
867585,AGARIND,35732
869377,TAINWALCHM,66447
871169,AJOONI,537587
871681,TATACHEM,826451
873217,TATAELXSI,140748
874753,HONAUT,3545
877057,TATAPOWER,4514451
878593,TATACONSUM,1139144
879361,BBOX,124047
884737,TATAMOTORS,10206547
887297,TFCILTD,7705614
889601,THERMAX,255578
891137,THOMASCOOK,1610496
891393,CLSEL,67883
891905,TIL,20302
894977,TIRUMALCHM,378985
895745,TATASTEEL,21891843
897537,TITAN,671188
897793,MAFANG,257991
900609,TORNTPHARM,314625
907777,TTKPRESTIG,67222
912129,ADANIGREEN,1527657
913921,UCAL,16971
916225,UNICHEMLAB,38204
918017,MOKSH,366454
923393,UNIVCABLES,48373
931073,JUBLPHARMA,260600
933377,VARDMNPOLY,394560
940033,SOLARA,130091
941057,VESUVIUS,126383
945665,VINDHYATEL,7735
947969,VIPIND,397794
951041,VLSFINANCE,22560
951809,VOLTAS,1039034
952577,TATACOMM,451485
953345,VSTIND,217081
954113,ANMOL,77591
956417,WALCHANNAG,115596
958465,FINEORG,15658
959489,WEIZMANIND,7678
961793,VENKEYS,53148
962817,RITES,602395
964097,WHEELS,28483
965633,WILLAMAGOR,12471
969473,WIPRO,8034469
972545,WSTCSTPAPR,184740
975873,ZEEL,9329429
976129,ARIHANTCAP,888901
978177,ZODIACLOTH,18938
979713,ZUARIIND,332587
981505,BHARATRAS,3875
982273,TOKYOPLAST,24148
987393,VARROC,232554
993281,SOMANYCERA,36797
996353,HATSUN,80475
999937,CAPLIPOINT,120496
1000449,PREMIERPOL,90055
1001473,KHAITANLTD,3856
1003009,NATCOPHARM,614993
1014529,GOCLCORP,147119
1015041,REMSONSIND,186492
1016833,PARASPETRO,153172
1018881,TNPL,327110
1020673,GREENPLY,147160
1025793,CORALFINAC,45921
1027585,NAVA,1235127
1033473,AUSOMENT,4501
1034241,EIMCOELECO,12510
1034497,JAYAGROGN,10836
1038081,PANACEABIO,196620
1041153,MARICO,2009269
1050881,SILINV,2998
1056513,SAMBHAAV,96486
1057281,REGENCERAM,4814
1058817,BIOFILCHEM,7588
1064193,KEYFINSERV,2748
1069057,ZENITHEXPO,3192
1069825,SUNDRMBRAK,7502
1071105,SANGAMIND,33386
1076225,MOTHERSON,19710216
1084161,WENDT,30904
1086465,HDFCAMC,391036
1095425,DENORA,6985
1100545,STERTOOLS,105739
1102337,SHRIRAMFIN,6255594
1112065,PUNJABCHEM,152860
1124097,GULFOILLUB,72438
1124865,MIRZAINT,564531
1128961,JAGSNPHARM,426670
1131777,CREDITACC,432729
1132033,INDIANCARD,16541
1144065,ELECTHERM,31630
1147137,AARTIDRUGS,270689
1148673,ALKYLAMINE,39051
1149697,JCHAC,22698
1152769,MPHASIS,496251
1157633,SIGIND,9377
1158401,DYNAMATECH,6250
1164289,GUJRAFFIA,7298
1168897,RUCHINFRA,69441
1169409,ATLASCYCLE,5157
1174273,RAMCOIND,358449
1176065,KOTHARIPET,59511
1177089,HERITGFOOD,537690
1191937,SBCL,119307
1195009,BANKBARODA,6806199
1199105,SONACOMS,4361670
1201409,SHYAMMETL,365533
1207553,GAIL,9082127
1214721,BANKINDIA,5771713
1215233,INDNIPPON,50943
1215745,CONCOR,1183263
1216257,INDRAMEDCO,231107
1222401,DCMFINSERV,12969
1231105,KCPSUGIND,121366
1234433,DODLA,78566
1239809,SNOWMAN,287411
1240833,KIMS,426019
1252353,SAREGAMA,330021
1253889,FDC,88511
1256193,ENGINERSIN,2683368
1257217,MADRASFERT,315515
1259521,HINDCON,22675
1263105,IPL,992428
1267969,ADROITINFO,82014
1268993,GANGAFORGE,313268
1270529,ICICIBANK,8093569
1273089,PHARMABEES,4239347
1276417,IRCON,3493749
1277953,SHARDACROP,676583
1285121,SVPGLOB,94759
1292545,CLEAN,1065618
1293825,GRINFRA,23559
1297409,SHEMAROO,14704
1304833,ETERNAL,58658310
1307649,KPIGREEN,664076
1309185,SGIL,36833
1316353,CIGNITITEC,84011
1316609,JAICORPLTD,4221368
1321473,TATVA,185386
1323009,SBIETFCON,9040
1327617,STYLAMIND,53550
1329665,ANTGRAPHIC,242698
1332225,GMDCLTD,8384337
1336321,BFSI,263522
1341185,MAHAPEXLTD,6973
1346049,INDUSINDBK,3567205
1347585,PDSL,121942
1347841,ALIVUS,77416
1351425,ROLEXRINGS,29551
1354753,PRITIKAUTO,197036
1360129,UGROCAP,308467
1370113,EXXARO,534066
1371905,KRSNAA,57427
1373697,WINDLAS,79669
1375489,DEVYANI,3258174
1376769,ASAHIINDIA,228403
1377793,EPIGRAL,66057
1378561,AAVAS,205087
1380865,MOL,1030234
1382657,NGIL,209469
1384193,CARTRADE,604038
1389057,NUVOCO,468310
1389569,TRIGYN,30713
1391361,APTUS,2504517
1394945,CHEMPLASTS,85644
1401601,GRSE,1117482
1408257,YUKEN,7449
1409793,SERVOTECH,615125
1412097,JAIPURKURT,20440
1415169,KOTHARIPRO,73382
1427969,ACUTAAS,334716
1429761,VIJAYA,360544
1435137,INTLCONV,130178
1436161,ASTRAZEN,24999
1437185,GANESHBE,200452
1439233,CEMPRO,544529
1442049,J&KBANK,1766003
1446401,SHANTI,103313
1459457,CUB,1841122
1471489,CYIENT,405870
1472257,SANSERA,87370
1480193,MASPTOP50,299232
1497857,BANKNIFTY1,66410
1501441,LAGNAM,15278
1510401,AXISBANK,6432717
1513217,PARAS,624523
1517057,INTELLECT,462947
1520129,MONTECARLO,28575
1522689,SOUTHBANK,7088111
1537537,COASTCORP,120772
1540609,ABSLAMC,302263
1547521,PASUPTAC,65299
1549057,CYBERTECH,51894
1552897,ATGL,582982
1553409,AIROLAM,9228
1568001,GOODLUCK,276560
1572097,PANSARI,1094
1577985,BHAGCHEM,115125
1586689,FCL,240450
1591297,CAMLINFINE,384966
1591809,SIKKO,39710
1594113,DTIL,5396
1603073,SELMC,6584
1607169,MEDICAMEQ,18082
1609217,GULPOLY,80537
1612033,HEALTHY,161836
1613313,APOLSINHOT,1404
1629185,NATIONALUM,7394876
1634561,CCHHL,77866
1640193,LAMBODHARA,43684
1644033,MANORG,5245
1649921,TECHNOE,196663
1654273,TECH,101380
1675009,GRPLTD,7821
1675521,NYKAA,6066159
1681409,LAXMICOT,34281
1684225,FINOPB,262751
1688577,SONATSOFTW,2586710
1689601,GENUSPAPER,117931
1691137,EQUAL50ADD,8262
1700609,SJS,172442
1703937,POLICYBZR,1091821
1705729,SIGACHI,19662987
1716481,PAYTM,6081088
1718017,IVC,249202
1718529,MOLDTKPAC,113262
1719809,SAPPHIRE,577814
1723649,JINDALSTEL,1660166
1736193,NIPPOBATRY,3786
1738753,SBC,8292131
1741569,STEELCAS,240857
1745409,LATENTVIEW,412770
1750017,FOCUS,48559
1751809,SMLT,19500
1753089,GREENLAM,202565
1755649,DHRUV,16547
1756929,BAJAJHCARE,131053
1768449,VISHNU,364065
1769729,RPPL,84351
1777409,TARSONS,58372
1777665,GANECOS,51112
1782017,MENONBE,126825
1782785,GOCOLORS,95949
1785089,DMCC,129971
1786113,ICDSLTD,1568
1790465,BSOFT,1052420
1796097,SHIVALIK,50673
1799681,ASIANENE,521343
1804289,HESTERBIO,17023
1805569,ACCELYA,12870
1810945,MAHKTECH,1499498
1813249,STARHEALTH,1140734
1815297,SEJALLTD,7097
1818881,TEGA,449161
1819905,JMA,12448
1829121,ANANDRATHI,139390
1835265,MICEL,9717303
1837313,RATEGAIN,810893
1843201,SHRIRAMPPS,919414
1846017,JETFREIGHT,61546
1847809,SBIETFQLTY,3664
1850113,MAPMYINDIA,54982
1850625,HCLTECH,3014447
1853953,METROBRAND,111477
1857025,MEDPLUS,172970
1865473,JTLIND,2488905
1875201,DCMSRIND,120413
1883649,DATAPATTNS,284369
1887745,STAR,363285
1888257,HPAL,101631
1891841,SUPRIYA,152644
1894657,RAJESHEXPO,434911
1895937,GLENMARK,845534
1897217,NILASPACES,821816
1897473,ALPHA,1049030
1897729,MANAKCOAT,281770
1899521,MANAKALUCO,230546
1900033,MONQ50,142100
1900801,HECPROJECT,10940
1907457,NIFTY50ADD,18520
1908737,MIDQ50ADD,6251
1921537,WOCKPHARMA,407239
1922049,ZENTEC,449977
1924609,TREJHARA,13169
1927425,LCCINFOTEC,85288
1933569,NRBBEARING,134944
1946369,CMSINFO,491408
1964033,IMAGICAA,580724
1965825,MONARCH,306391
1991681,BCONCEPTS,17330
1994497,UNIINFO,5868
2005761,WEL,374268
2006529,NETF,1802
2008065,AUTOIETF,889054
2009089,BIL,9233
2009857,RAMCOSYS,43883
2010113,INOXWIND,6524038
2012673,GVPIL,602577
2017281,AUTOBEES,365449
2018817,MHLXMIRU,4902
2022913,LFIC,8543
2027265,BYKE,40546
2029825,ZYDUSLIFE,984127
2031617,AVANTIFEED,941541
2039041,MALLCOM,7736
2042625,MAKEINDIA,27530
2043393,GRWRHITECH,72118
2060801,MAHLIFE,222837
2061825,KTKBANK,1009435
2067201,DALBHARAT,452595
2067713,MIDCAP,51033
2069249,CROWN,29767
2076161,AWL,1239765
2078465,RPSGVENT,49829
2079745,AJANTPHARM,94986
2081793,BLBLIMITED,226029
2085377,DEVIT,154059
2087169,MEGASTAR,9592
2088705,FIBERWEB,82128
2089729,SPENCERS,103116
2090753,MANYAVAR,165953
2092801,SAGARDEEP,11102
2094593,MOMOMENTUM,85659
2116097,SOFTTECH,8480
2125825,PRITI,42809
2127617,BLUESTARCO,436486
2135553,GSEC5IETF,10690
2153729,MIDCAPETF,2304906
2156545,VIPULLTD,339630
2168065,MITCON,22539
2170113,XELPMOC,23942
2170625,TVSMOTOR,958639
2177537,MID150BEES,595312
2178561,GATEWAY,2019605
2183425,GMRP&UI,1890173
2187777,CHALET,569898
2197761,NLCINDIA,1946336
2199297,AKSHOPTFBR,195497
2200577,MSUMI,9658668
2209793,LOWVOL1,152414
2214913,VETO,69813
2215425,MOLOWVOL,78078
2216193,DIL,298866
2223873,MUKTAARTS,13811
2226177,VRLLOG,240801
2234113,SHAILY,227534
2236417,PNBGILTS,1562106
2252033,OBCL,58358
2254337,SONAMLTD,78856
2259201,PRIVISCL,122291
2259713,AVROIND,26042
2259969,GAEL,412803
2261249,BCG,19334132
2263041,USHAMART,608997
2269697,CHOICEIN,628019
2273793,TNIDETF,52689
2275841,VERANDA,667321
2287873,E2E,94810
2289665,RITCO,49663
2291969,ELDEHSG,3609
2292225,TTML,772913
2294273,HARDWYN,463638
2295809,HARIOMPIPE,500958
2307585,ANUP,28633
2313985,UFO,165328
2316545,ROTO,244706
2326273,PIXTRANS,29202
2332417,ARVINDFASN,486814
2333697,INDOAMIN,179654
2333953,TIPSMUSIC,201078
2344449,BALAJITELE,113139
2347009,UTISXN50,4015
2360065,TPLPLASTEH,30438
2368769,NILAINFRA,525406
2370561,ARROWGREEN,55456
2377729,KRITIKA,296484
2382081,STARTECK,12486
2383105,STLTECH,3188258
2393089,IOB,5805869
2394625,TAJGVK,530620
2395137,MSTCLTD,263869
2396673,CAMPUS,515653
2400769,TRU,453921
2402305,CREATIVEYE,14836
2402561,PNCINFRA,453489
2408449,RAINBOW,150593
2413569,SKIPPER,1064038
2415617,AXISCADES,110277
2426881,LICI,958189
2445313,RVNL,5681235
2445569,PRUDENT,26017
2446849,AKSHAR,2575133
2451457,MAHESHWARI,14667
2452737,METROPOLIS,61355
2455041,POLYCAB,239933
2455553,VENUSPIPES,61689
2457345,DELHIVERY,2996453
2461953,SPLPETRO,99973
2468097,KHANDSE,51200
2470913,RELCHEMQ,7600
2474753,MEDICO,179304
2475009,HIKAL,440728
2478849,KPITTECH,903859
2479361,TRIDENT,10109503
2493697,PARADEEP,15081689
2496001,ETHOSLTD,45874
2497537,EMUDHRA,86339
2511361,AETHER,95906
2513665,HAVELLS,980549
2520833,NV20BEES,72716
2524673,WEWIN,9441
2525953,NEXTMEDIA,9863
2527745,GOLDTECH,47930
2529025,CHEVIOT,3487
2531585,SMARTLINK,5414
2533633,AIRAN,122050
2534913,AXITA,1899939
2538753,NEOGEN,43242
2539777,ALANKIT,271839
2542337,VIKASLIFE,3735216
2544385,ONEPOINT,418933
2578945,EMAMIPAP,108123
2585345,GODREJCP,1309324
2600705,ORICONENT,563240
2605057,SETFNIF50,441047
2606337,BALKRISHNA,87690
2608129,SHYAMCENT,161591
2615553,ADANIENSOL,1598740
2618113,MANORAMA,191331
2620929,CONFIPET,457415
2622209,SYNGENE,992534
2630913,NGLFINE,2637
2632961,AYMSYNTEX,32444
2636033,PPL,82723
2636801,RAMASTEEL,13161214
2639361,AURUM,138038
2647809,RADHIKAJWE,1420320
2649601,CSLFINANCE,11891
2661633,JISLJALEQS,5965196
2663937,STEELCITY,18499
2664193,KSHITIJPOL,178215
2666241,MUTHOOTCAP,31182
2666753,DYCL,380534
2672641,LUPIN,888066
2674433,UNITDSPR,1086716
2675969,SATIN,168262
2676993,ARVSMART,98688
2681089,POWERMECH,64447
2684161,RAMRAT,54304
2690049,MOHEALTH,47823
2690817,UTINIFTETF,84450
2691073,CONS,7444
2691841,UTISENSETF,1520
2695681,SHARDAMOTR,81381
2702593,NAVKARCORP,818278
2707457,NIFTYBEES,3995259
2707713,KRBL,2111248
2707969,MPSLTD,23928
2708225,MARKSANS,1735271
2708481,TCI,21953
2709761,MOM30IETF,833126
2710529,SHREEPUSHK,486426
2713345,GUJGASLTD,267541
2714625,BHARTIARTL,6630619
2718465,HDFCNEXT50,66637
2722049,HDFCNIF100,61045
2722305,ASAL,32384
2723073,OLECTRA,1395426
2729217,PONNIERODE,16402
2730497,PNB,13501177
2733057,MNC,83901
2736641,NIFTYQLITY,76663
2737409,MOMENTUM,50325
2739201,SURANAT&P,421725
2745089,INFRAIETF,127560
2745857,INDIAMART,91510
2747649,SPORTKING,271023
2748929,OFSS,178658
2752769,UNIONBANK,10075624
2753281,APTECHT,59494
2756609,OAL,10889
2762497,NUCLEUS,38503
2763009,SYRMA,1523123
2763265,CANBK,20737536
2770433,MOQUALITY,1228
2771201,MOVALUE,63585
2781441,GVPTECH,273343
2782977,GRMOVER,747642
2788609,DBOL,86772
2791681,GENESYS,147151
2796801,GODREJIND,150535
2798593,RADAAN,38027
2800385,JUNIORBEES,244044
2800641,DIVISLAB,384955
2801921,TMB,67067
2813441,RADICO,327085
2814209,INDORAMA,121468
2815745,MARUTI,471681
2817537,LIQUIDBEES,2878131
2822913,INFOBEAN,201052
2824193,SANGINITA,73300
2825473,BANKIETF,362671
2825985,DCMNVL,21879
2827521,SATIA,85406
2828801,SIRCA,581050
2830849,SECURKLOUD,40309
2831361,KSOLVES,83049
2834433,AGRITECH,8682
2836993,LIBAS,59586
2851841,SUMIT,45342
2854145,SHRENIK,1006211
2855681,CREATIVE,14702
2857473,HARSHA,71483
2863105,IDFCFIRSTB,16611472
2865921,INDIGO,1179706
2870273,SHK,671154
2872321,VARDHACRLC,45557
2873089,UCOBANK,6614104
2873857,BAGFILMS,130090
2875649,SUVEN,138045
2876417,JSL,1088318
2877185,NSIL,6456
2877697,HDFCGROWTH,22047
2880769,WELSPUNLIV,4755587
2881281,HDFCQUAL,25542
2881537,JAIBALAJI,1134619
2882561,HDFCVALUE,5801
2883073,IGL,2422272
2883841,TVSELECT,39170
2885377,DREDGECORP,30442
2886401,TVTODAY,84622
2889473,UPL,2809255
2891009,UNIENTER,7711
2892033,SIL,51165
2893057,LUXIND,25421
2895105,BALAXI,208057
2897665,LICNETFN50,2717
2899201,MUKANDLTD,302506
2903809,AFFLE,308764
2905857,PETRONET,1658613
2906881,PTC,1385218
2907905,DHANBANK,607441
2909185,VAIBHAVGBL,369287
2910465,TTKHLTCARE,4185
2911489,BIOCON,3007561
2911745,TIPSFILMS,7994
2912513,MAHABANK,6507294
2914817,PVTBANIETF,950973
2916865,ZOTA,94801
2918145,SALZERELEC,88597
2919169,POONAWALLA,3150247
2920193,XPROINDIA,32698
2921217,RKFORGE,471273
2924289,DATAMATICS,761670
2925313,NDTV,78365
2926593,KRITINUT,17947
2927361,SPANDANA,235715
2928385,BANKBEES,418669
2928897,LICNETFSEN,172
2929921,PILANIINVS,3111
2931713,CCL,240117
2932993,NV20,14007
2936577,EXCELINDUS,19279
2939649,LT,1625095
2941697,APARINDS,111217
2942977,AMBICAAGAR,55503
2946817,CENTEXT,346973
2949633,NIITLTD,393136
2951681,EMIL,2884747
2952193,ULTRACEMCO,243018
2953217,TCS,2666980
2953729,HDFCMOMENT,205027
2955009,COFORGE,1928536
2956033,HDFCLOWVOL,52223
2956545,TEXINFRA,107491
2960897,DCI,64920
2962177,PPLPHARMA,4080457
2962689,FORCEMOT,160364
2964481,WESTLIFE,132996
2964737,GULFPETRO,47025
2964993,TRACXN,292492
2967297,HDFCNIFTY,54314
2967809,HDFCSENSEX,25221
2968577,LINCOLN,162985
2971137,GUFICBIO,86388
2974209,ASTRAMICRO,397049
2976257,WELENT,213087
2976513,NARMADA,304695
2977281,NTPC,8364904
2979841,BOHRAIND,53775
2981633,KOTARISUG,130747
2983425,LALPATHLAB,128656
2983681,JBMA,2343675
2986753,DWARKESH,541140
2989313,INDOCO,197169
2992385,SUPRAJIT,78201
2994945,PATELENG,2651738
2995969,ALKEM,157585
2996481,XCHANGING,94995
3001089,JSWSTEEL,1582418
3003137,CONSOFINVT,14704
3006209,JINDALPHOT,14503
3011329,JPPOWER,41481524
3015169,GOKEX,603322
3015425,ACEINTEG,18344
3016193,EVEREADY,466968
3017473,GOYALALUM,85211
3019265,SAKSOFT,434716
3019777,HPIL,37789
3020289,ALLDIGI,16024
3021825,SUKHJITS,12901
3023105,IIFL,1338338
3024129,SHOPERSTOP,45875
3025153,MANGALAM,33555
3026177,WELCORP,490968
3028225,SSWL,262015
3031041,NH,304098
3034113,SURYALAXMI,10436
3035137,SHAHALLOYS,72765
3036161,JKPAPER,993602
3037185,PRIMESECU,85326
3039233,GRANULES,1847708
3041281,JSWHL,1312
3042305,MANINDS,467342
3044353,VHL,691
3045121,DCXINDIA,1011529
3045377,GEOJITFSL,394942
3047681,GENUSPOWER,900678
3048705,SWELECTES,128558
3050241,YESBANK,77922306
3051265,MSPL,1381428
3054593,FUSION,358352
3055361,SPLIL,13646
3057409,MCLEODRUSS,1019118
3060737,MEDANTA,409248
3063297,BIKAJI,349596
3064577,GOLDIAM,896073
3065601,RML,15618
3067649,SASKEN,16453
3068673,ICIL,563193
3069953,SYNCOMF,733798
3071745,FCSSOFT,1949791
3072001,FAZE3Q,145701
3074305,IMPAL,2604
3075841,AEROENTER,184387
3076609,SUZLON,63941907
3077633,AURIONPRO,147175
3078145,ACI,248123
3078657,RENUKA,7758930
3080193,FIVESTAR,1026452
3080705,BASML,141859
3090433,SCPL,18330
3095553,KAYNES,570385
3097857,HDFCNIFIT,77668
3099649,HDFCPVTBAN,61916
3103745,DOLATALGO,250022
3111169,BBTCL,21502
3116289,HNDFDS,50862
3120129,INOXGREEN,727315
3128065,RUSTOMJEE,36309
3170305,ZIMLAB,143694
3197185,SWSOLAR,1848850
3197441,VINNY,506875
3208449,AAATECH,22876
3219969,FINIETF,298116
3226369,PRECAM,1893215
3247617,MBAPL,216362
3255297,TEAMLEASE,35436
3263745,DJML,14728
3279105,HYBRIDFIN,8594
3288833,KRISHANA,194394
3305729,SARVESHWAR,6432714
3322369,NPBET,877
3328257,DHARMAJ,35345
3336961,SAFARI,51428
3342593,UNIPARTS,116282
3346433,IIFLCAPS,457126
3348737,TRIVENI,394723
3350017,AIAENG,55101
3351297,EKC,1366127
3353857,VIMTALABS,4771494
3356417,ORIENTCER,79600
3357697,QUICKHEAL,295803
3358977,KERNEX,64184
3360257,REPRO,7045
3363585,EBBETF0433,3615
3364609,GSEC10IETF,1608
3365633,PVRINOX,439483
3369473,CELEBRITY,72471
3372801,NITINSPIN,74495
3374593,ROHLTD,536479
3377153,ENIL,38818
3378433,GSPL,685708
3378689,COMMOIETF,80595
3382017,JAGRAN,129481
3383809,SULA,1148835
3388417,SADBHAV,479635
3392257,SAKUMA,1149454
3394561,KEC,709335
3397121,JKCEMENT,112177
3398401,INDOTECH,21646
3398657,LANDMARK,89323
3400961,M&MFIN,2301682
3401729,AFSL,29403
3402241,BLKASHYAP,690215
3404801,NITCO,237420
3406081,CENTURYPLY,93315
3407361,KEI,244649
3412993,SOLARINDS,115953
3414273,GALLANTT,468567
3415553,VAKRANGEE,1975552
3418113,MALUPAPER,49662
3419905,KFINTECH,956329
3424257,UTTAMSUGAR,108150
3425537,KKCL,47765
3430401,BHAGERIA,60321
3431425,SUNTV,266915
3432705,GPIL,4312590
3433985,RSYSTEMS,754757
3435777,EMKAY,24546
3436289,ELIN,150247
3438081,KELLTONTEC,5035215
3439617,LOKESHMACH,62135
3440897,BALPHARMA,23355
3443457,RATNAMANI,21058
3444993,KAMDHENU,902970
3446529,PIONEEREMB,20296
3453697,JKLAKSHMI,157284
3454977,PFOCUS,2673454
3456257,ALLCARGO,2140297
3458561,AKASH,24187
3458817,MUNJALAU,417726
3460353,EMAMILTD,774239
3461633,NECCLTD,71863
3463169,GMRAIRPORT,12768978
3465217,VIDHIING,28433
3465729,TECHM,1539502
3470593,AVONMORE,484669
3471361,GRINDWELL,58314
3472641,RAMANEWS,65105
3475713,VOLTAMP,65488
3476481,RADIANTCMS,296302
3477761,ATLANTAA,276639
3478273,ACE,687511
3481089,SELAN,41715
3484417,IRCTC,683010
3486721,ANANTRAJ,2702027
3488001,BILVYAPAR,8490
3489537,SKYGOLD,1242468
3491073,JMFINANCIL,9802920
3492609,ELECON,442442
3492865,BANKETFADD,42088
3493889,TALBROAUTO,158044
3495937,ALICON,8438
3496449,GEECEE,4763
3499777,MADHUCON,32773
3500801,NRL,45542
3504129,ACLGATI,143476
3504385,AERONEU,13474
3507713,VISHWARAJ,287620
3509761,FIEMIND,130776
3512321,JHS,169598
3513601,DCBBANK,1414703
3516161,GLOBALVECT,20370
3517441,SHYAMTEL,2628
3518721,GTLINFRA,50692914
3520001,FLUOROCHEM,220733
3520257,NAUKRI,1624741
3520769,MANOMAY,5863
3521537,SHIVAMAUTO,155864
3522817,BBL,41829
3526657,GESHIP,258050
3529217,TORNTPOWER,521129
3531265,BAIDFIN,131806
3531777,MANALIPETC,676238
3533057,SUTLEJTEX,63634
3535361,GREENPANEL,947161
3536385,KAMOPAINTS,1923570
3536897,LTFOODS,674050
3538177,RUCHIRA,180928
3539457,SOBHA,162391
3542785,DONEAR,39365
3544065,MMFL,56560
3547905,VENUSREM,15289
3550209,AARTIPHARM,324453
3550721,KUANTUM,63825
3552001,JINDRILL,113338
3553281,BANCOINDIA,989358
3555841,HIRECT,192047
3558401,CREST,6290
3563521,PLASTIBLEN,13083
3564801,NFL,1837363
3571201,LIQUID1,397506
3571457,PARACABLES,967351
3575297,HBLENGINE,3520536
3577857,TANLA,1038677
3579393,JASH,145939
3580673,ABSLBANETF,247214
3584769,ZEEMEDIA,1930103
3586049,AVTNPL,216523
3587585,LUMAXTECH,186365
3588865,VEEDOL,33785
3595009,SARLAPOLY,125381
3598849,SANGHVIMOV,981223
3600129,WANBURY,85966
3601409,SAGCEM,343671
3606017,IGPL,29716
3608577,SIYSIL,74727
3609857,PTL,43871
3611137,AUTOIND,71173
3612417,NETWORK18,6426177
3613697,GANDHITUBE,46911
3618305,PITTIENG,76642
3619585,SBGLP,41019
3622401,BTML,388283
3623425,UNOMINDA,889666
3630081,NSLNISP,9661883
3633665,NINSYS,4933
3634689,TIMKEN,99969
3635969,HUBTOWN,1232170
3639809,CTE,9132
3641089,TIIL,15355
3642881,HDFCBSE500,25766
3643649,HDFCSML250,924740
3644417,HDFCMID150,260445
3646721,TVSSRICHAK,6584
3649281,REDINGTON,6066891
3650561,PGIL,123993
3655169,ORIENTBELL,8947
3659777,SEQUENT,602716
3660545,PFC,4669261
3661825,FSL,1085680
3663105,INDIANB,1382555
3665665,TFL,15973
3668225,SMSPHARMA,682048
3669505,HSCL,996126
3670785,GANESHHOU,61925
3672577,ORIENTALTL,310433
3676417,APOLLOPIPE,64020
3677697,IDEA,617517788
3682561,POCL,590153
3685889,AMDIND,48381
3687169,RAJTV,5971
3689729,PAGEIND,21557
3691009,ASTRAL,943647
3692289,LAOPALA,110183
3693569,GOLDBEES,16887903
3695361,JKTYRE,597055
3696641,NAHARSPING,29476
3697921,NAHARPOLY,12391
3699201,EMBDL,4231127
3701505,LEXUS,33122
3706625,DIVGIITTS,16424
3706881,GOKULAGRO,390854
3708161,THEMISMED,338604
3709441,NCLIND,94871
3712257,BALAMINES,43980
3714817,BANSWRAS,27195
3716609,ABSLLIQUID,2553
3717889,ICRA,4286
3721473,DISHTV,2668695
3725313,PHOENIXLTD,806189
3726593,AROGRANITE,39019
3727873,ZENITHSTL,71778
3729153,BFUTILITIE,161682
3732993,SRHHYPOLTD,15273
3733505,PSUBNKIETF,136507
3735553,FORTIS,1941682
3736833,ALPHAGEO,14982
3737345,GSLSU,106554
3738113,WEBELSOLAR,221476
3739393,TGBHOTELS,94132
3742209,CHEMBOND,16714
3744513,HILTON,55160
3752193,INSECTICID,80647
3754753,KMSUGAR,115739
3756033,NAVINFLUOR,110167
3759873,GOACARBON,19281
3763713,NAGREEKEXP,100755
3764993,TIMETECHNO,1137805
3766273,HGS,17978
3771393,DLF,2301295
3773953,AXSENSEX,1186
3774721,ADVANIHOTR,62079
3778817,NELCAST,658722
3780097,V2RETAIL,86322
3781377,TARMAT,25242
3785217,LOWVOL,4415
3785729,SPARC,231286
3787009,MEGASOFT,182956
3792129,ADSL,748997
3795969,WSI,114849
3798529,DECCANCE,88034
3799809,VIPCLOTHNG,198088
3801089,ALPA,16530
3802369,OMAXE,417809
3806977,USK,78069
3812865,CENTRALBK,4661767
3814401,SAHYADRI,6041
3816449,KDDL,18041
3817473,KPRMILL,410503
3818753,TAKE,67152
3820033,PURVA,298126
3820545,LAL,39126
3823873,CIEINDIA,134373
3824129,GSEC10YEAR,32232
3825153,NAGREEKCAP,8723
3826433,MOTILALOFS,974611
3827713,INDOWIND,165024
3828993,MAGNUM,166459
3831297,CSBBANK,562122
3832833,KSCL,135327
3834113,POWERGRID,10022062
3835393,CENTUM,38087
3837953,CCCL,2631790
3841793,MANGCHEFER,668461
3848193,PSUBNKBEES,1882845
3848705,BAJAJELEC,81211
3849985,CERA,14665
3851265,DELTACORP,4163210
3854849,AVALON,370788
3855617,PSUBANK,39565
3857153,BLAL,70890
3857409,RELIGARE,1784398
3861249,ADANIPORTS,1795538
3870465,EDELWEISS,8791205
3871745,KOLTEPATIL,170001
3873025,RGL,414133
3876097,COLPAL,700955
3877377,JYOTHYLAB,282171
3878657,MADHAV,35460
3879937,KALYANIFRG,1715
3880193,RHL,9060
3881217,HITECHCORP,18727
3884545,TARIL,1011859
3885825,ECLERX,164391
3886081,KIRLPNU,99909
3887105,BRIGADE,391315
3890945,MANAKSIA,119898
3892225,ARIES,272854
3894785,DVL,27452
3896065,PATINTLOG,138913
3898369,UJJIVANSFB,7779247
3898625,LICNFNHGP,1077
3899905,AMBIKCO,9684
3901185,BIRLAMONEY,140350
3905025,CEATLTD,140723
3906305,RPOWER,15282667
3908097,JKIL,147581
3909377,CORDSCABLE,27408
3911169,ONMOBILE,981710
3912449,KNRCON,2423291
3913729,HERCULES,17279
3915521,VIRINCHI,228024
3917569,BANG,13143
3918849,SEPC,7265976
3920129,IRB,9576824
3924993,NMDC,19194085
3926273,RAIN,2111840
3927553,SHALPAINTS,231167
3928833,GSS,199570
3930881,RECLTD,5545209
3932673,VGUARD,269246
3936513,PDMJEPAPER,258644
3937281,MANKIND,475286
3938305,DHANI,3886962
3940097,RACE,19209
3942145,EIHAHOTELS,82144
3943425,ATAM,26301
3944705,NESCO,155023
3945985,TITAGARH,1657653
3947265,DPSCLTD,124279
3982081,HCG,262383
3990785,AVG,21402
4055041,LATTEYS,73953
4066049,HINDWAREAP,261355
4107521,PRINCEPIPE,303342
4127489,BHARATWIRE,184079
4145153,PAVNAIND,253325
4159745,INFIBEAM,8126318
4160769,EBBETF0430,15357
4170753,PANACHE,16515
4197121,MMP,25811
4246785,VAISHALI,423151
4259585,KIRIINDUS,259710
4264193,ANIKINDS,24774
4264449,SIGMA,22533
4268801,BAJAJFINSV,1121546
4270593,PTCIL,17651
4274177,GHCLTEXTIL,96783
4276481,GOKUL,43698
4278529,UBL,194134
4280065,ALMONDZ,204625
4281601,RPGLIFE,16008
4296449,GVT&D,493562
4299521,ARCHIDPLY,37090
4305665,QNIFTY,431
4306177,VINYLINDIA,10618
4306433,IKIO,362028
4307713,KOKUYOCMLN,71417
4315905,SINDHUTRAD,4198825
4316929,LPDC,26809
4326401,DPWIRES,163154
4328449,TOUCHWOOD,24890
4329729,ARTEMISMED,132943
4330241,ZFCVINDIA,10313
4333313,JOCIL,6278
4334849,INDBANK,49369
4337409,ASHOKAMET,145827
4341505,ALKALI,17333
4348417,COUNCODOS,107223
4350977,TPHQ,1607684
4357633,MAWANASUG,53293
4359425,PATANJALI,1731856
4360193,THYROCARE,180014
4363265,SHARIABEES,10877
4365569,HMAAGRO,309807
4367873,PALREDTEC,6143
4370177,URAVIDEF,5319
4376065,CROMPTON,2020549
4378881,SUMICHEM,560546
4385281,PARAGMILK,1378324
4387841,IDEAFORGE,547599
4389121,AARTECH,45906
4390913,MIDCAPIETF,764476
4398337,NEXT50,15665
4399617,SHRIPISTON,74672
4399873,CYIENTDLM,177865
4402433,PAKKA,217758
4404993,ITETFADD,61025
4417537,ALBERTDAVD,4065
4419329,ARMANFIN,26521
4421121,ASPINWALL,4171
4421377,SENCO,796110
4423425,BLS,1762530
4427521,NAGAFERT,597568
4430593,AJMERA,119856
4432129,LLOYDSME,289585
4437249,MHRIL,122842
4441857,SALONA,1262
4443393,GKWLIMITED,2956
4443649,UTKARSHBNK,1434809
4445185,VINATIORGA,48519
4451329,ADANIPOWER,4874342
4453121,SETF10GILT,19183
4453633,PREMEXPLN,1068042
4454401,NHPC,10796990
4459265,BANKETF,3816
4460545,GLOBUSSPR,166964
4462849,NETWEB,2010892
4464129,OIL,1817949
4473601,NV20IETF,464757
4474113,CONTROLPR,36171
4476417,EXPLEOSOL,18161
4481793,INCREDIBLE,24624
4483585,SETCO,75428
4485121,RTNPOWER,33918509
4486913,MAHASTEEL,16567
4488705,MGL,399128
4490497,DAMODARIND,10284
4492033,AMRUTANJAN,23010
4498433,LIQUID,142486
4499457,PVTBANKADD,20659
4505089,ASALCBR,33621
4506369,MAHEPC,306991
4508929,SENSEXADD,5797
4509697,PSUBANKADD,196507
4512001,MOLDTECH,80898
4514561,ZYDUSWELL,584571
4516097,SUNTECK,408888
4518657,POKARNA,125982
4524801,ALOKINDS,8198976
4527361,GPTINFRA,303928
4531201,LTGILTBEES,4307369
4531713,MIDSELIETF,182526
4532225,QUESS,270423
4536833,DEN,466551
4538369,ASTEC,43744
4540929,YATHARTH,736391
4543233,NIITMTS,163087
4544513,SHILPAMED,60022
4546049,SARDAEN,2436438
4547585,REFEX,306395
4549121,GROBTEA,136
4551169,ATL,191485
4555265,SOMICONVEY,11729
4555521,TREL,132955
4557057,LLOYDSENGG,3559650
4558849,QUAL30IETF,225661
4561409,LTIM,228192
4565249,AHLUCONT,46852
4566785,GILLANDERS,55294
4569857,DLINKINDIA,99863
4571905,REDTAPE,815227
4574465,JSWENERGY,2726042
4576001,GODREJPROP,718898
4577537,DBCORP,89750
4579329,GATECH,14321606
4583169,ABBOTINDIA,8005
4588033,GEEKAYWIRE,88467
4589313,BAYERCROP,29732
4590849,BEARDSELL,73227
4592385,HINDCOPPER,5504832
4593921,COHANCE,1444503
4596993,MMTC,898992
4598529,NESTLEIND,1434288
4600577,SBICARD,957737
4604673,TRF,30968
4607745,UNITEDTEA,4398
4610817,WHIRLPOOL,172322
4611073,VLEGOV,253534
4614657,SBFC,1968642
4615425,MBLINFRA,195382
4617985,ADVENZYMES,896621
4623361,CONCORDBIO,116673
4630017,DBL,356037
4632577,JUBLFOOD,1370016
4634113,NIFTY1,157078
4636161,VASCONEQ,2690555
4638209,THANGAMAYL,40873
4638465,SRGHFL,5186
4639745,DBREALTY,846337
4641537,YASHO,13908
4643585,DOLPHIN,4611
4644353,EMMBI,20833
4644609,JIOFIN,12999155
4646657,TVSSCS,832762
4647425,HATHWAY,2445111
4661249,ORIENTLTD,14426
4662785,TEXMOPIPES,33208
4664321,KECL,121025
4665857,MANINFRA,509805
4672001,PYRAMID,37801
4672513,SPAL,51798
4676609,AEROFLEX,1190414
4679425,HDFCLIQUID,11522
4680705,HNGSNGBEES,289725
4690177,LGBBROSLTD,27126
4695297,VPRPL,1206246
4696833,NIFMID150,1306
4699905,SANDUMA,207220
4701441,PERSISTENT,529777
4702977,NDGL,213
4708097,RBLBANK,12075247
4716033,ASIANHOTNR,14433
4716289,RATNAVEER,341304
4718337,BIGBLOC,94505
4724993,POWERINDIA,159352
4730625,ISFT,19719
4737025,TVVISION,54917
4741121,CUPID,4993749
4747009,DIACABS,2563858
4749569,JLHL,37979
4751873,MITTAL,676572
4752385,LTTS,58983
4752897,RRKABEL,114825
4754177,GNA,51774
4756737,KIRLOSBROS,137367
4759809,EMSLIMITED,189812
4763649,ZAGGLE,743935
4765185,SAMHI,1226480
4772865,DIAMINESQ,5182
4774913,ICICIPRULI,888440
4776705,MARATHON,131803
4781825,HPL,279632
4792577,NUVAMA,134022
4794113,MASKINVEST,538
4798209,SIGNATURE,290236
4801281,KALAMANDIR,1251885
4802561,YATRA,5557194
4808449,IDFNIFTYET,2574
4818433,ENDURANCE,163694
4819713,TARAPUR,38481
4828929,VERTOZ,209500
4829697,MAZDA,59304
4834049,SJVN,5487625
4835585,KSL,47153
4840449,PNBHOUSING,3164133
4843777,VBL,6576238
4846337,SUNDARAM,448030
4854273,RAJRATAN,98951
4855553,KAPSTON,11567
4858113,UNIVASTU,49192
4867841,MVGJL,141011
4869121,JSWINFRA,1372138
4870401,KIRLOSIND,7916
4873217,PODDARMENT,5203
4879617,MANAPPURAM,3883529
4882689,AARVI,83072
4885505,ITBEES,8489741
4888833,SILLYMONKS,35239
4890625,ROLLT,218286
4892417,NBIFIN,518
4892929,UDS,256785
4896257,KIOCL,4076267
4900353,UMESLTD,28093
4911105,SFL,122729
4914177,TI,3683487
4916481,HEADSUP,49643
4918017,HMVL,46456
4919809,VALIANTLAB,78416
4921089,TCIEXP,20549
4921345,SENSEXETF,12141
4923649,AARTISURF,4159
4923905,LAURUSLABS,2182863
4924161,IMFA,120372
4924673,MONIFTY500,395784
4931841,BLISSGVS,1145260
4934913,EMAMIREAL,22750
4935425,THEJO,6252
4937985,MOM50,8782
4940545,ITDC,201415
4946433,HISARMETAL,13790
4959233,SPCENET,1123309
4966657,BOROLTD,83895
4968961,ROSSARI,58958
4976129,AHLEAST,8225
4978433,CAPTRUST,21613
4981249,PLAZACABLE,34315
4990977,SECMARK,2179
4992257,TICL,156728
4998401,IITL,7549
4999937,BAJAJCON,977975
5006337,BHANDARI,194733
5011969,UGARSUGAR,189539
5013761,BSE,4496153
5016833,IRMENERGY,556026
5017345,PRAKASHSTL,170030
5025537,PRICOLLTD,531824
5026049,ITETF,346668
5027841,ALPHAETF,484755
5029377,MAXESTATES,126658
5039617,BLUEJET,890647
5044481,LIQUIDSBI,8367
5051137,GPPL,1460010
5058817,ADFFOODS,124172
5064449,MUFIN,317794
5067521,CELLO,204971
5072129,HONASA,951341
5085953,AMNPLST,7067
5088257,LGHL,67051
5088513,RADIOCITY,93774
5088769,ESAFSFB,327742
5097729,DMART,593121
5102337,ORISSAMINE,13633
5103873,KILITCH,9775
5105409,DEEPAKNTR,186340
5136129,SASTASUNDR,44344
5138177,INTENTECH,87338
5138433,INFRABEES,9576
5142017,CPCAP,27723
5143553,TASTYBITE,3518
5148161,GREENPOWER,3455972
5154305,RAMKY,80940
5158913,ASKAUTOLTD,225441
5160705,ARIHANTSUP,27477
5160961,CANTABIL,121741
5165569,AKSHARCHEM,10977
5166593,ASHOKA,731259
5168129,WABAG,287539
5170177,BEDMUTHA,17774
5171969,URJA,1016471
5177345,JWL,2561544
5181953,OBEROIRLTY,578012
5186817,IREDA,5521516
5195009,TATATECH,780495
5197313,PRESTIGE,684948
5197569,GANDHAR,148507
5202177,SHANKARA,182135
5202433,FEDFINA,1288822
5202689,RESPONIND,68698
5204225,CGCL,3948868
5215233,FLAIR,198463
5215745,COALINDIA,5433040
5225729,IOLCP,5777949
5243137,WIPL,23374
5254913,PRUDMOULI,166466
5255937,BAJEL,270822
5256705,GRAVITA,289052
5261057,DOMS,241133
5262337,INDIASHLTR,241844
5263361,DOLLAR,94236
5275393,INOXINDIA,79335
5277697,SUPERHOUSE,25181
5278977,PENIND,1123502
5284353,JINDWORLD,3235890
5298689,SCHAND,44056
5314561,RPPINFRA,297016
5319169,JAMNAAUTO,4731124
5321729,MOTISONS,2204093
5330433,SURAJEST,221300
5331201,HUDCO,3059774
5332481,MOIL,697106
5332737,MUTHOOTMF,276785
5338113,ZEELEARN,513175
5338625,HAPPYFORGE,24418
5343745,RBZJEWEL,129006
5344513,PSPPROJECT,259248
5344769,MUFTI,321657
5351681,AZAD,189986
5359617,KIRLOSENG,473282
5363201,RKDL,39490
5364737,SUNCLAY,17428
5376257,PSB,1445866
5380353,FMNL,42929
5391873,INNOVACAP,41369
5395713,SURANASOL,180380
5399297,STARCEMENT,1118563
5400321,SHEKHAWATI,20643
5404929,BFINVEST,48491
5406465,KICL,1397
5409537,TEJASNET,978254
5415425,ERIS,127336
5420545,CDSL,2311474
5425921,GTPL,36909
5436929,AUBANK,2697036
5439233,DIGIDRIVE,100128
5440513,AXISNIFTY,13923
5441025,LOWVOLIETF,1509958
5446401,SUMMITSEC,18627
5456385,DYNPRO,49857
5461505,JYOTICNC,251895
5462785,STEELXIND,5022765
5468673,SALASAR,13524865
5474049,PALASHSECU,5127
5476353,MAGADSUGAR,16514
5478145,GANGESSECU,2882
5479937,AVADHSUGAR,35999
5484289,MOM100,346672
5485313,THEINVEST,30683
5485569,TATSILV,6959738
5496065,OPTIEMUS,271229
5498369,UTINEXT50,82998
5499905,STEL,14415
5504257,SIS,78364
5506049,COCHINSHIP,1163613
5517057,SMSLIFE,2550
5523969,COMSYN,317025
5533185,ABCAPITAL,5177742
5535489,APEX,401728
5550849,BRNL,230560
5552641,DIXON,274316
5556225,DCAL,158414
5556481,MEDIASSIST,287867
5561857,MATRIMONY,16378
5563649,RHFL,2292708
5565441,CHOLAHLDNG,217511
5567745,CAPACITE,378446
5568001,LIQUIDCASE,9109743
5573121,ICICIGI,482420
5579265,DAVANGERE,12880241
5582849,SBILIFE,841296
5587969,TEXRAIL,1461113
5591041,DIAMONDYD,101163
5619457,HFCL,12489220
5620993,INDTERRAIN,89797
5621505,NIFTYBETF,2749
5628417,BANKBETF,39904
5691649,DHUNINV,1260
5693185,EBBETF0431,12363
5697281,NDRAUTO,51563
5702913,WORTH,52114
5704193,TIRUPATIFL,175588
5720065,ALPL30IETF,811644
5720833,MACPOWER,8475
5724161,MCL,38313
5725441,ITIETF,1030324
5728513,MAXHEALTH,2226486
5738241,LOVABLE,17745
5740289,TOTAL,10251
5741569,MAXIND,96562
5742849,HDFCNIFBAN,104093
5744641,UTIBANKETF,231526
5750529,EPACK,1071141
5754113,NOVAAGRI,197513
5756929,NIFITETF,2105
5765377,NIF5GETF,4040
5766145,NIF10GETF,3752
5776897,BLSE,73469
5783553,HEALTHADD,1628
5784321,HDFCPSUBK,26839
5786113,PFS,516905
5798145,PARKHOTELS,763676
5799937,SIGNPOST,161947
5801729,JSFB,230455
5803521,RPTECH,218467
5804801,CAPITALSFB,64899
5815553,ENTERO,82885
5816833,LICNMID100,29149
5818881,VSTL,38541
5821185,MON100,718694
5842945,JUNIPER,104056
5844993,SMALLCAP,1648041
5848577,GPTHEALTH,325509
5870081,PLATIND,392196
5874433,EXICOM,413479
5882881,MUKKA,337941
5894913,LANCORHOL,223163
5899009,RKSWAMY,39545
5902337,JGCHEM,310762
5904897,GOPAL,181381
5920513,SCILAL,418511
5924353,PVSL,84141
5932801,KRYSTAL,25960
5934337,MOSMALL250,878911
5935105,MOREALTY,332373
5990913,SRM,251719
5992193,LIQUIDADD,590126
6010881,SINCLAIR,149625
6013185,BHARTIHEXA,205971
6019073,TARACHAND,141354
6029569,AIIL,309578
6039041,GLOSTERLTD,2700
6043393,BALUFORGE,172317
6046977,JNKINDIA,62040
6053633,FILATFASH,34933596
6054401,MUTHOOTFIN,652085
6065409,INDGN,526623
6074625,AADHARHFC,802324
6077441,TBOTEK,341760
6092545,GODIGIT,945549
6094337,ABSLPSE,178748
6106881,MIDSMALL,295221
6109185,AWFIS,376202
6122241,LIQUIDBETF,328675
6147585,BOROSCI,98323
6150401,KRONOX,85682
6161153,IXIGO,5045656
6163713,MID150CASE,1376609
6164737,TOP100CASE,687139
6173953,BBNPNBETF,1138
6181121,RETAIL,15306
6183425,DEEDEV,492404
6184705,AFIL,1181531
6191105,PIIND,190670
6192641,SYMPHONY,53478
6194177,VADILALIND,12506
6199553,IVZINNIFTY,41
6201601,RELAXO,314640
6201857,STANLEY,43497
6203137,OMINFRAL,153798
6211841,ESTER,159275
6218753,VSTTILLERS,36530
6222849,ABDL,494380
6226177,VRAJ,30072
6239745,LIQUIDSHRI,14325
6242817,BANSALWIRE,87479
6245889,EMCURE,129860
6247169,ASHIANA,40073
6247425,ABGSEC,4077
6248705,DHANUKA,83577
6257921,AGIIL,104124
6262017,EVINDIA,264225
6278145,SBINEQWETF,18264
6280193,FILATEX,1739376
6280449,OILIETF,2032340
6281729,MAITHANALL,35360
6292993,SANSTAR,554662
6296321,RUSHIL,2072801
6296577,RELTD,135700
6300161,AVANTEL,2440555
6327041,AKUMS,274077
6330881,RUBFILA,96910
6332161,RPEL,40408
6333953,CEIGALL,304618
6343937,BSLNIFTY,327572
6348289,GROWWEV,297229
6351105,UNIECOM,528130
6352385,FIRSTCRY,3002112
6354689,MANCREDIT,62253
6360833,GSEC10ABSL,466
6361857,SUYOG,30027
6363137,SSDL,37405
6364417,METALIETF,3033206
6366721,INVENTURE,1155561
6376705,INTERARCH,28159
6382593,GLOBALE,19353
6383873,MFML,31097
6385665,MODEFENCE,2161566
6386689,LTF,7243239
6390017,ORIENTTECH,231857
6391297,SURAJLTD,27218
6392065,WINDMACHIN,81083
6404353,BODALCHEM,319762
6412545,PREMIERENE,985256
6415361,ECOSMOBLTY,179701
6418689,RAYMONDLSL,243175
6420481,MULTICAP,265864
6420993,TREEHOUSE,51299
6422529,ASAHISONG,15058
6429185,STYLEBAAZA,423810
6434305,GALAPREC,22368
6434817,BROOKS,30841
6440193,RVTH,2038
6441473,EUREKAFORB,176887
6443777,TOP10ADD,300023
6445569,TDPOWERSYS,873263
6451969,BALAJEE,274666
6456833,SANOFICONR,9614
6460161,XTGLOBAL,164109
6464513,KROSS,3129054
6466049,EBANKNIFTY,984
6467073,TOLINS,670325
6469121,BAJAJHFL,4712602
6479873,PNGJL,268278
6483969,APLLTD,98197
6491649,PGEL,6144090
6500353,PANAMAPET,50434
6501889,ARKADE,968939
6503169,WCIL,691571
6509057,NORTHARC,1262858
6514433,GROWWLIQID,211389
6519809,PAISALO,15381257
6523393,TIJARIA,30876
6525953,ONELIFECAP,5842
6528769,INDOUS,44120
6531073,FLEXITUFF,26217
6546945,SHAKTIPUMP,615247
6549505,TRITURBINE,791270
6552833,MANBA,69780
6555137,MOMENTUM50,393856
6555649,INDOTHAI,349096
6560257,UYFINCORP,693437
6562305,ESSARSHPNG,114708
6564609,KRN,577478
6572033,DIFFNKG,385413
6575105,JISLDVREQS,66344
6576641,DSSL,22646
6583809,POLYMED,183716
6585345,RUPA,150581
6585601,BANKPSU,12610
6590465,METAL,1047927
6593537,VIKASECO,3212437
6594049,GROWWDEFNC,325550
6599681,APLAPOLLO,639499
6601217,KANANIIND,283712
6604801,GARUDA,3154972
6606593,LLOYDSENT,5055909
6613761,VINCOFE,2139658
6616065,HYUNDAI,791655
6618881,AFFORDABLE,85517
6628353,DBEIL,191518
6629633,MINDACORP,292079
6632193,WAAREEENER,3190171
6640897,GODAVARIB,59277
6650113,AFCONS,1150418
6651905,AVL,1081591
6654977,EMULTIMQ,79289
6914049,HEXATRADEX,5741
6917121,ABINFRA,58187
6921473,TBZ,414717
6924033,MASTERTR,998467
6925313,SAGILITY,34422171
6927617,ACMESOLAR,1916173
6928897,SWIGGY,17081928
6929153,VSSL,63597
6931201,LIQUIDPLUS,97992
6932225,KPEL,323221
6933505,KMEW,84735
6936321,SWANCORP,1901136
6936833,NIVABUPA,2964514
6939393,SPECIALITY,31428
6948865,BLACKBUCK,2624520
6953217,CINELINE,21866
6955777,RACLGEAR,31523
6957057,NTPCGREEN,5097544
6966529,EIEL,2806407
6988033,RTNINDIA,9477706
6989569,SAMPANN,111996
6997505,SURAKSHA,36880
7002369,ROSSTECH,265474
7058177,ODIGMA,33460
7126785,SAILIFE,1890104
7160065,VMM,26775890
7179777,MOBIKWIK,8741406
7200001,IKS,274413
7248385,ANUHPHR,130832
7264769,IGIL,931043
7337473,DAMCAPITAL,514566
7343873,MAMATA,1347195
7350785,TRANSRAILL,3109130
7363585,CEWATER,77240
7374081,SANATHAN,110433
7384833,VENTIVE,114978
7387905,PROZONER,821509
7393025,CARRARO,141320
7395329,SENORES,574055
7398145,KITEX,1090373
7399937,MAYURUNIQ,48950
7401729,ROSSELLIND,35563
7411713,DUCON,394980
7413761,UNIMECH,47244
7416065,CONSUMER,233317
7426049,TVSHLTD,10896
7428865,ECAPINSURE,130420
7430401,INDOFARM,764679
7436801,ZUARI,2324425
7443201,SGLTL,268597
7446273,QUADFUTURE,713072
7449089,DDEVPLSTIK,272751
7452929,CARERATING,57918
7455745,PCJEWELLER,68926616
7458561,INDUSTOWER,8852285
7467777,LAXMIDENTL,791441
7476225,STALLION,2469126
7481345,ONESOURCE,142580
7488257,ITCHOTELS,2760307
7489537,DENTA,1487131
7496705,VMART,169437
7536385,SUPREME,112970
7539713,AGARWALEYE,270798
7541505,MOSCHIP,6732692
7542785,NEXT30ADD,38353
7544833,PROTEAN,1022052
7547393,MCLOUD,5041965
7548673,NIBE,74202
7549953,ORCHASP,284951
7558913,GROWWRAIL,383899
7565569,NIFTYIETF,493363
7571713,NIF100BEES,25506
7573249,NATCAPSUQ,8313
7577089,REPCOHOME,194434
7583745,AJAXENGG,136377
7594497,HEXT,794964
7597569,BAJAJINDEF,37069
7606017,QPOWER,961297
7611137,GUJTHEM,175182
7611649,NIBL,37644
7618049,MSCIINDIA,45717
7647233,GROWWN200,142624
7648513,VIVIDHA,421552
7665665,NIFTY100EW,13792
7670273,JUSTDIAL,94161
7673601,AONETOTAL,641420
7685889,ATULAUTO,802846
7696641,MOCAPITAL,460310
7702785,ORIENTCEM,1010032
7707649,ABFRL,12316418
7707905,SELECTIPO,16960
7710977,EQUAL200,62673
7712001,SAMMAANCAP,12967871
7714305,PRABHA,39736
7715585,CASHIETF,282355
7719681,AXISVALUE,29604
7742465,BHARATSE,180431
7754241,SBIBPB,12344
7762689,ESSENTIA,1630606
7780353,NIF100IETF,300081
7796481,SPECTRUM,3383
7800065,MID150,70719
7800833,AONELIQUID,24608
7893761,PILITA,82136
7940353,THOMASCOTT,27056
7963393,DBSTOCKBRO,98030
7971329,COMPUSOFT,43238
7977729,RHIM,680132
7982337,MCX,476918
7995905,SCHNEIDER,114722
8002049,NDL,2370070
8042241,NBCC,7207776
8055809,LYPSAGEMS,23363
8065793,JPOLYINVST,18425
8150273,SREEL,10712
193505537,EVIETF,89761
193539841,CIFL,245247
193541121,TINNARUBR,19492
193545729,WAAREERTL,406062
193558017,GROWWMOM50,241632
193618945,NPST,39566
193741313,OSWALPUMPS,757856
193747713,GROWWSLVR,170913
193751809,ABLBL,1262723
193758977,ENRIN,556276
193766401,MON50EQUAL,4261
193772801,PRIMO,199533
193795585,THELEELA,460946
193804545,RAJOOENG,821648
193816577,AONENIFTY,206673
193817345,MOMGF,661
193818113,BELRISE,13289239
193828353,EQUAL50,3900
193834753,MONEXT50,4074
193878017,AEGISVOPAK,642839
193902337,MOPSE,809
193905409,MOTOUR,7270
193908481,SNXT30BEES,7587
193914369,SCODATUBES,353240
193923841,DIGITIDE,622554
193925121,BLUSPRING,1009539
193931521,TRAVELFOOD,375030
193949185,ARISINFRA,638251
193957121,ATHERENERG,3139937
193960449,FISCHER,555545
193977601,LIQGRWBEES,17790
193985025,PICCADIL,243989
193988353,SAMBHV,4958655
193989633,HDBFS,1544388
193995265,BRIGHOTEL,2123924
193997057,IGCL,736715
194001153,MOMIDMTM,29964
194005505,RMDRIP,42901
194008321,INDIQUBE,1000793
194009601,CRIZAC,2057417
194012673,EBGNG,2202395
194018561,ANTHEM,2894712
194027265,BORANA,95135
194032129,BELLACASA,9666
194034177,QUALITY30,13855
194035969,EUROBOND,37774
194036481,PASHUPATI,17394
194039041,SMARTWORKS,476079
194045185,CHEMBONDCH,56231
194077441,JSLL,281625
194085121,LOTUSDEV,8499112
194086401,MBEL,2579881
194092289,PROSTARM,1795533
194162689,ALLTIME,2192526
194165761,JSWCEMENT,14115089
194174977,SBILIQETF,10946
194189057,RAYMONDREL,294743
194190849,KALPATARU,165501
194192129,ELLEN,462191
194194433,GLOBECIVIL,769293
194200321,INTERNET,143797
194218753,MANUFGBEES,8309
194220801,EFCIL,427678
194222081,REGAAL,4977896
194228481,LTGILTCASE,112696
194239489,MEIL,806308
194266369,SGFIN,70033
194267649,CPPLUS,1442045
194268929,LAXMIINDIA,4652058
194275585,SGMART,166148
194288897,CPEDU,40277
194291713,ELM250,999190
194292481,SML100CASE,298433
194293249,STLNETWORK,5440603
194295809,AHCL,1832507
194297089,VIKRAN,24951246
194299137,RNBDENIMS,77145
194300417,GCSL,77022
194325505,URBANCO,129407370
194327809,SHRINGARMS,18032431
194330369,HILINFRA,1473842
194347265,MWL,34729
194349057,TIGERLOGS,1367904
194378497,BLUESTONE,2227068
194416385,PATELRMART,645528
194418689,SHREEJISPG,1951069
194419969,VIKRAMSOLR,14870411
194422017,GEMAROMA,1577771
