tradingsymbol,instrument_token,avg_volume
AARTIIND,1793,1050597
ABB,3329,247354
STYRENIX,4865,28292
ACC,5633,234018
ADANIENT,6401,762803
ADOR,8705,11858
AEGISLOG,10241,666547
HAPPSTMNDS,12289,324899
ALEMBICLTD,20225,275382
ARE&M,25601,326286
SHAREINDIA,26625,356603
ROUTE,32769,82516
ANDHRSUGAR,34817,219459
GODREJAGRO,36865,207478
APCOTEXIND,39425,34796
APOLLOHOSP,40193,325780
APOLLOTYRE,41729,911205
ANDHRAPAP,42497,165163
ARENTERP,46337,1008
TCPLPACK,47105,3150
ARVIND,49409,395773
MASFIN,50945,93399
UNIDT,51457,10835
ASHAPURMIN,51969,747250
ASHIMASYN,52737,81992
ASHOKLEY,54273,13178714
IEX,56321,5992449
ASIANPAINT,60417,1060781
ADL,62721,5817
NIRAJ,65281,28244
ATUL,67329,31502
CHEMCON,69121,163122
AUROPHARMA,70401,1384876
GICRE,70913,696092
AUTOAXLES,71169,4055
BAJAJHLDNG,78081,58618
BAJAJHIND,78849,5951957
TIINDIA,79873,230078
BAJFINANCE,81153,7276710
ANGELONE,82945,965804
BALKRISIND,85761,138335
BALMLAWRIE,86529,142526
BALRAMCHIN,87297,410244
CAMS,87553,340743
BANARBEADS,88833,9737
BANARISUG,89601,797
BASF,94209,12361
BATAINDIA,94977,206172
BBTC,97281,53509
SINTERCOM,97537,14087
BEL,98049,13206172
MAHLOG,98561,116059
GLOBE,100609,803618
BEML,101121,341091
NIACL,102145,399584
BERGEPAINT,103425,416974
BEPL,107265,296892
BHARATFORG,108033,1011199
KHADIM,108801,25509
BHARATGEAR,109057,0
IFGLEXPOR,111617,99751
BHEL,112129,6872759
HDFCLIFE,119553,2417694
OSWALGREEN,120577,279781
BIRLACORPN,122881,100026
ICEMAKE,125185,13999
BLUEDART,126721,17861
MAZDOCK,130305,969589
BOMDYEING,131329,661994
ICICIB22,133633,286523
BPCL,134657,5598962
UTIAMC,134913,156792
BPL,135681,68920
BRITANNIA,140033,374113
BSL,143105,15509
LIKHITHA,147969,50316
CANFINHOME,149249,199577
GRAPHITE,151553,666474
CARBORUNIV,152321,88323
CENTENKA,158465,10685
ABREL,160001,123182
CESC,160769,2912066
IGARASHI,162305,52683
CHAMBLFERT,163073,840551
DNAMEDIA,164097,56542
EXIDEIND,173057,1862698
CHOLAFIN,175361,1471924
CIPLA,177665,1396696
HEMIPROP,179457,1143153
DICIND,179969,1728
SHRADHA,181249,36159
SHALBY,182785,284567
HEUBACHIND,183041,15833
SBIETFPB,184833,3060
COROMANDEL,189185,369567
SBIETFIT,189441,12112
COSMOFIRST,189953,53046
CRISIL,193793,34241
CGPOWER,194561,2187339
DABUR,197633,2692312
KEEPLEARN,199169,35233
DALMIASUG,199937,69942
SHIVATEX,205825,4916
DCM,206081,17870
BSHSL,207105,8715
DCMSHRIRAM,207617,151436
DCW,209153,1212059
BANKA,210433,7858
DEEPAKFERT,211713,276030
DHAMPURSUG,219393,154256
ASTRON,223745,105480
DRREDDY,225537,1459243
KHAICHEM,229377,309863
EICHERMOT,232961,415470
EQUITASBNK,233729,3197649
EIDPARRY,234497,192749
EIHOTEL,235265,426263
ORCHPHARMA,237057,73229
ELECTCAST,237569,1167666
DPABHUSHAN,239617,28552
ELGIEQUIP,239873,431095
PGHL,240641,10193
ESABINDIA,244481,3285
ESCORTS,245249,136721
SUBEXLTD,247553,556860
EPL,251137,582538
EVERESTIND,254209,12133
EUROTEXIND,255745,0
FACT,258049,174885
SCHAEFFLER,258817,59389
FEDERALBNK,261889,6775989
AARON,263681,29031
FINCABLES,265729,234736
FINPIPE,266497,558485
UFLEX,269569,29046
FOSECOIND,274689,4644
ZENSARTECH,275457,479194
GABRIEL,277761,282901
GARFIBRES,281601,51052
DANGEE,284161,61153
GHCL,288513,103859
GTECJAINX,289025,1163
APOLLO,290305,4063439
GICHSGFIN,291585,68120
GIPCL,293121,274499
GLAXO,295169,77693
GLFL,295937,0
GTL,297473,271856
NEWGEN,297985,1210885
GMBREW,299009,19650
GNFC,300545,255555
GODFRYPHLP,302337,554961
AMBER,303361,336972
GLAND,303617,145843
FMGOETZE,304641,73734
KANSAINER,306177,453418
ESG,307201,18340
DELTAMAGNT,310785,2738
GRASIM,315393,529181
GREAVESCOT,316161,2151428
GSFC,319233,947965
CASTROLIND,320001,1193575
GUJALKALI,324353,31535
AMBUJACEM,325121,1584368
GFLLIMITED,329985,44324
HARRMALAYA,336129,11452
GALAXYSURF,336641,12614
MARINE,339969,204451
HDFCBANK,341249,15754488
HEG,342017,1969049
SDBL,342529,746709
HEROMOTOCO,345089,862825
HIMATSEIDE,348161,438235
HINDALCO,348929,4651889
HINDCOMPOS,351233,4433
HCC,352001,3867847
HINDUNILVR,356865,1434591
HINDOILEXP,359169,361168
HINDPETRO,359937,3901102
AGI,361473,62744
HINDZINC,364545,2482111
SANOFI,369153,9995
HLVLTD,370689,311294
BIRLANU,372481,7269
ACCURACY,375041,136586
AKZOINDIA,375553,34842
IDBI,377857,7460508
REPL,378881,11063
IFBAGRO,379393,5468
IFBIND,380161,59234
IFCI,381697,5261213
RBA,382465,1174518
SHIVAMILLS,383233,5105
MOGSEC,385793,23005
ASTERDM,386049,812717
INDHOTEL,387073,2314152
INDIACEM,387841,525034
INDIAGLYCO,389377,247383
INDIANHUME,391681,28882
RKEC,396033,37675
RVHL,400641,0
GMMPFAUDLR,401921,55015
GILLETTE,403457,26038
TARC,404737,483759
MGEL,407809,994734
INFY,408065,8167203
INGERRAND,408833,8314
FAIRCHEMOR,413185,7576
TATAINVEST,414977,95596
IOC,415745,8085170
LINDEINDIA,416513,18079
BECTORFOOD,416769,106810
IONEXCHANG,417281,128185
IPCALAB,418049,210747
ITC,424961,12631184
SUNDROP,425729,13811
HGINFRA,428033,73051
ITI,428801,973395
IVP,430337,8606
JAYSREETEA,440321,39481
JBCHEPHARM,441857,192154
JINDALPOLY,449537,221275
KANPRPLA,456193,11025
AWHCL,460033,64035
JYOTISTRUC,461313,6860529
KABRAEXTRU,462081,22061
KAJARIACER,462849,195060
KAKATCEM,463617,3046
KPIL,464385,188679
KAMATHOTEL,467457,132095
KANORICHEM,469761,13512
KARURVYSYA,470529,1926256
KCP,471297,158117
KESORAMIND,475905,697719
CARYSIL,481025,170381
CUMMINSIND,486657,484899
KOPRAN,491265,149401
KOTAKBANK,492033,3079516
WEALTH,492289,5515
KREBSBIO,495873,6260
KSB,498945,74659
TRENT,502785,944745
LMW,506625,3580
LIBERTSHOE,510465,14889
LICHSGFIN,511233,1216160
AHLADA,513025,15563
LUMAXIND,516609,24248
LYKALABS,519169,21798
IRFC,519425,7159451
M&M,519937,2162146
RAMCOCEM,523009,266351
INDIGOPNTS,524289,41848
CHENNPETRO,524545,1271429
HOMEFIRST,526337,252521
VTL,530689,666039
MAHSCOOTER,533761,7066
MAHSEAMLES,534529,175652
MANGLMCEM,539137,61311
STOVEKRAFT,539393,146290
MARALOVER,540673,30230
MASTEK,543745,126548
MFSL,548353,553837
BDL,548865,1346279
RAJMET,555009,361783
AKG,557057,39993
BOSCHLTD,558337,23214
SUNDARMHLD,558849,242104
GENCON,560129,66865
MODIRUBBER,570625,1519
MODTHREAD,573697,3565
PENINLAND,577537,981105
MOREPENLAB,578305,1530816
BANDHANBNK,579329,4769818
MOTOGENFIN,580609,27758
MRF,582913,6290
MRPL,584449,3507707
HLEGLAS,585985,570986
MTNL,587265,1279843
HAL,589569,937914
BESTAGRO,590337,32100
MUNJALSHOW,590593,55218
MURUDCERA,592129,44743
HEIDELBERG,592897,146489
NCC,593665,3039014
SMCGLOBAL,593921,76429
JAYNECOIND,596737,9099089
NURECA,601601,0
NAVNETEDUL,610561,275626
NELCO,611329,78339
SANDHAR,613633,95506
NEULANDLAB,615937,60211
PEL,617473,0
NILKAMAL,619777,3900
RAILTEL,622337,860398
CONSUMBEES,623361,150289
NKIND,624385,2127
NOCIL,625153,313480
CENTRUM,628225,280107
MIDHANI,630529,358051
OILCOUNTUB,632833,29181
ONGC,633601,8012362
ORIENTHOT,638209,232881
ORIENTPPR,638977,306328
BCLIND,643329,451357
OSWALAGRO,643585,110603
PGHH,648961,8321
HUHTAMAKI,655873,203931
AMJLAND,665089,32263
LEMONTREE,667137,2225278
PEARLPOLY,668161,20536
HERANBA,669185,37301
SEAMECLTD,669697,47100
IT,672513,237278
DIVOPPBEES,674817,83063
PFIZER,676609,30987
DRCSYSTEMS,677121,99199
PCBL,678145,610588
PIDILITIND,681985,306844
POLYPLEX,687873,40635
PRAJIND,692481,747665
PRAKASH,693249,671508
MTARTECH,693505,226400
BUTTERFLY,695297,19357
PRECWIRE,695553,149019
PRSMJOHNSN,701185,437977
JUBLINGREA,712449,250507
EASEMYTRIP,714753,11749350
RSWM,715265,35569
CHEMFAB,716545,10239
RAJSREESUG,719105,46854
ARVEE,720385,699
RALLIS,720897,818631
ANURAS,724225,215794
RANASUG,726273,153934
LXCHEM,727297,391237
RANEHOLDIN,728065,12886
CRAFTSMAN,730625,50476
RAYMOND,731905,210069
RCF,733697,1146824
HITECH,734209,1324467
RELIANCE,738561,10284727
RICOAUTO,744705,1966728
RIIL,745473,89099
RUBYMILLS,752385,9238
S&SPOWER,755457,2678
KALYANKJIL,756481,3434008
SAIL,758529,9830379
SAKHTISUG,760065,117098
SURYODAY,760321,132807
ORIENTELEC,760833,206028
NAZARA,764673,1629675
SANDESH,764929,845
SANGHIIND,767233,159267
WONDERLA,768513,44763
KOHINOOR,770305,59828
SAURASHCEM,772609,62908
SOTL,773377,18030
SDL26BEES,773633,25476
JINDALSAW,774145,1358289
SBIN,779521,7822230
SCI,780289,1621266
VEDL,784129,7832775
SESHAPAPER,784897,16793
SHANTIGEAR,787969,53516
INDOSTAR,790529,150492
SHREDIGCEM,793345,376602
SHREECEM,794369,25759
SHREYANIND,800257,7651
BARBEQUE,800513,83734
TRANSWORLD,801025,11368
HONDAPOWER,803329,4353
BORORENEW,806145,675971
SIEMENS,806401,306616
SIMPLEXINF,809473,105538
GILT5YBEES,812033,205289
SKFINDIA,815617,33652
LODHA,824321,1445844
JTEKTINDIA,828673,226036
NITIRAJ,831233,3469
SPIC,832513,875875
SRF,837889,419501
TEMBO,838401,60786
STARPAPER,842497,9316
DEEPINDS,842753,176228
MODISONLTD,848897,46091
SPMLINFRA,850177,205223
SUBROS,850945,119996
SUDARSCHEM,851713,114596
ISGEC,852225,28744
SUNDARMFIN,854785,52047
SUNDRMFAST,856321,103128
SUNFLAG,857089,158940
SUNPHARMA,857857,1950544
SUPERSPIN,859393,30948
SUPREMEIND,860929,194003
SURYAROSNI,864001,463340
SWARAJENG,866305,14602
SMLISUZU,867073,61547
AGARIND,867585,18001
TAINWALCHM,869377,3464
AJOONI,871169,380488
TATACHEM,871681,582661
TATAELXSI,873217,140748
HONAUT,874753,3545
TATAPOWER,877057,4514451
TATACONSUM,878593,1139144
BBOX,879361,124047
TATAMOTORS,884737,10206547
TFCILTD,887297,5550827
THERMAX,889601,95870
THOMASCOOK,891137,879121
CLSEL,891393,67883
TIL,891905,20302
TIRUMALCHM,894977,262972
TATASTEEL,895745,21891843
TITAN,897537,671188
MAFANG,897793,257991
TORNTPHARM,900609,286432
TTKPRESTIG,907777,67222
ADANIGREEN,912129,1527657
UCAL,913921,13717
UNICHEMLAB,916225,22407
MOKSH,918017,317263
UNIVCABLES,923393,48373
JUBLPHARMA,931073,179741
VARDMNPOLY,933377,394560
SOLARA,940033,130091
VESUVIUS,941057,78841
VINDHYATEL,945665,7735
VIPIND,947969,245973
VLSFINANCE,951041,22560
VOLTAS,951809,1039034
TATACOMM,952577,451485
VSTIND,953345,217081
ANMOL,954113,52202
WALCHANNAG,956417,115596
FINEORG,958465,13088
WEIZMANIND,959489,2598
VENKEYS,961793,37482
RITES,962817,581653
WHEELS,964097,28483
WILLAMAGOR,965633,8545
WIPRO,969473,8034469
WSTCSTPAPR,972545,74232
ZEEL,975873,7048833
ARIHANTCAP,976129,888901
ZODIACLOTH,978177,7237
ZUARIIND,979713,332587
BHARATRAS,981505,3875
TOKYOPLAST,982273,13584
VARROC,987393,197222
SOMANYCERA,993281,19726
HATSUN,996353,80475
CAPLIPOINT,999937,60390
PREMIERPOL,1000449,47084
KHAITANLTD,1001473,3856
NATCOPHARM,1003009,537687
GOCLCORP,1014529,45697
REMSONSIND,1015041,186492
PARASPETRO,1016833,152268
TNPL,1018881,327110
GREENPLY,1020673,86792
CORALFINAC,1025793,32116
NAVA,1027585,354186
AUSOMENT,1033473,4501
EIMCOELECO,1034241,12510
JAYAGROGN,1034497,8388
PANACEABIO,1038081,145602
MARICO,1041153,1559343
SILINV,1050881,2998
SAMBHAAV,1056513,96486
REGENCERAM,1057281,4814
BIOFILCHEM,1058817,7588
KEYFINSERV,1064193,2748
ZENITHEXPO,1069057,358
SUNDRMBRAK,1069825,2080
SANGAMIND,1071105,33386
MOTHERSON,1076225,16276649
WENDT,1084161,8251
HDFCAMC,1086465,391036
DENORA,1095425,3986
STERTOOLS,1100545,87307
SHRIRAMFIN,1102337,6255594
PUNJABCHEM,1112065,24249
GULFOILLUB,1124097,41168
MIRZAINT,1124865,379009
JAGSNPHARM,1128961,67005
CREDITACC,1131777,432729
INDIANCARD,1132033,4966
ELECTHERM,1144065,24574
AARTIDRUGS,1147137,225087
ALKYLAMINE,1148673,29759
JCHAC,1149697,18238
MPHASIS,1152769,408454
SIGIND,1157633,9377
DYNAMATECH,1158401,6250
GUJRAFFIA,1164289,0
RUCHINFRA,1168897,68882
ATLASCYCLE,1169409,5157
RAMCOIND,1174273,180118
KOTHARIPET,1176065,49148
HERITGFOOD,1177089,255496
SBCL,1191937,105025
BANKBARODA,1195009,6806199
SONACOMS,1199105,2629984
SHYAMMETL,1201409,223534
GAIL,1207553,8871861
BANKINDIA,1214721,5771713
INDNIPPON,1215233,50943
CONCOR,1215745,1183263
INDRAMEDCO,1216257,231107
DCMFINSERV,1222401,12969
KCPSUGIND,1231105,90190
DODLA,1234433,57264
SNOWMAN,1239809,280556
KIMS,1240833,355229
SAREGAMA,1252353,280184
FDC,1253889,88511
ENGINERSIN,1256193,1968475
MADRASFERT,1257217,113850
HINDCON,1259521,22675
IPL,1263105,225648
ADROITINFO,1267969,37166
GANGAFORGE,1268993,313268
ICICIBANK,1270529,8093569
PHARMABEES,1273089,3842474
IRCON,1276417,2500431
SHARDACROP,1277953,360905
SVPGLOB,1285121,94759
CLEAN,1292545,330502
GRINFRA,1293825,23559
SHEMAROO,1297409,10741
ETERNAL,1304833,31665973
KPIGREEN,1307649,664076
SGIL,1309185,23036
CIGNITITEC,1316353,66373
JAICORPLTD,1316609,3549847
TATVA,1321473,185386
STYLAMIND,1327617,53550
ANTGRAPHIC,1329665,203421
GMDCLTD,1332225,4116279
BFSI,1336321,263522
MAHAPEXLTD,1341185,5445
INDUSINDBK,1346049,3567205
PDSL,1347585,121942
ALIVUS,1347841,77416
ROLEXRINGS,1351425,29551
PRITIKAUTO,1354753,140872
UGROCAP,1360129,308467
EXXARO,1370113,0
KRSNAA,1371905,57427
WINDLAS,1373697,43809
DEVYANI,1375489,2235222
ASAHIINDIA,1376769,216318
EPIGRAL,1377793,25426
AAVAS,1378561,161180
MOL,1380865,450778
NGIL,1382657,75377
CARTRADE,1384193,529761
NUVOCO,1389057,234603
TRIGYN,1389569,0
APTUS,1391361,1423595
CHEMPLASTS,1394945,85644
GRSE,1401601,1117482
YUKEN,1408257,4864
SERVOTECH,1409793,615125
JAIPURKURT,1412097,15388
KOTHARIPRO,1415169,73382
ACUTAAS,1427969,334716
VIJAYA,1429761,96072
INTLCONV,1435137,130178
ASTRAZEN,1436161,12854
GANESHBE,1437185,73963
CEMPRO,1439233,385238
J&KBANK,1442049,1766003
SHANTI,1446401,83670
CUB,1459457,1841122
CYIENT,1471489,405870
SANSERA,1472257,87370
MASPTOP50,1480193,262699
BANKNIFTY1,1497857,61822
LAGNAM,1501441,11775
AXISBANK,1510401,6432717
PARAS,1513217,624523
INTELLECT,1517057,462947
MONTECARLO,1520129,28575
SOUTHBANK,1522689,7088111
COASTCORP,1537537,120772
ABSLAMC,1540609,290373
PASUPTAC,1547521,65299
CYBERTECH,1549057,0
ATGL,1552897,582982
AIROLAM,1553409,5704
GOODLUCK,1568001,227945
PANSARI,1572097,1094
BHAGCHEM,1577985,45293
FCL,1586689,240450
CAMLINFINE,1591297,384966
SIKKO,1591809,0
DTIL,1594113,5396
SELMC,1603073,0
MEDICAMEQ,1607169,18082
GULPOLY,1609217,80537
HEALTHY,1612033,161836
APOLSINHOT,1613313,870
NATIONALUM,1629185,7394876
CCHHL,1634561,36229
LAMBODHARA,1640193,36310
MANORG,1644033,4112
TECHNOE,1649921,196663
TECH,1654273,101380
GRPLTD,1675009,2694
NYKAA,1675521,6066159
LAXMICOT,1681409,14547
FINOPB,1684225,262751
SONATSOFTW,1688577,1412357
GENUSPAPER,1689601,116983
EQUAL50ADD,1691137,8262
SJS,1700609,172442
POLICYBZR,1703937,1091821
SIGACHI,1705729,2692462
PAYTM,1716481,3207545
IVC,1718017,249202
MOLDTKPAC,1718529,61388
SAPPHIRE,1719809,547582
JINDALSTEL,1723649,1642570
NIPPOBATRY,1736193,3478
SBC,1738753,8292131
STEELCAS,1741569,122592
LATENTVIEW,1745409,412770
FOCUS,1750017,45529
SMLT,1751809,19500
GREENLAM,1753089,65375
DHRUV,1755649,10847
BAJAJHCARE,1756929,131053
VISHNU,1768449,104347
RPPL,1769729,84351
TARSONS,1777409,56939
GANECOS,1777665,51112
MENONBE,1782017,43564
GOCOLORS,1782785,95949
DMCC,1785089,36042
ICDSLTD,1786113,0
BSOFT,1790465,1052420
SHIVALIK,1796097,34178
ASIANENE,1799681,122379
HESTERBIO,1804289,9088
ACCELYA,1805569,12870
MAHKTECH,1810945,1499498
STARHEALTH,1813249,779057
SEJALLTD,1815297,0
TEGA,1818881,145149
JMA,1819905,12448
ANANDRATHI,1829121,139390
MICEL,1835265,3382626
RATEGAIN,1837313,687594
SHRIRAMPPS,1843201,796633
JETFREIGHT,1846017,59859
MAPMYINDIA,1850113,54982
HCLTECH,1850625,2295298
METROBRAND,1853953,54817
MEDPLUS,1857025,172970
JTLIND,1865473,1584640
DCMSRIND,1875201,120413
DATAPATTNS,1883649,284369
STAR,1887745,363285
HPAL,1888257,101631
SUPRIYA,1891841,152644
RAJESHEXPO,1894657,329452
GLENMARK,1895937,831389
NILASPACES,1897217,0
ALPHA,1897473,1049030
MANAKCOAT,1897729,281770
MANAKALUCO,1899521,0
MONQ50,1900033,142100
HECPROJECT,1900801,10940
NIFTY50ADD,1907457,18520
MIDQ50ADD,1908737,6251
WOCKPHARMA,1921537,407239
ZENTEC,1922049,433645
TREJHARA,1924609,0
LCCINFOTEC,1927425,85288
NRBBEARING,1933569,134944
CMSINFO,1946369,491408
IMAGICAA,1964033,483970
MONARCH,1965825,108477
BCONCEPTS,1991681,0
UNIINFO,1994497,5868
WEL,2005761,374268
BIL,2009089,6190
RAMCOSYS,2009857,43883
INOXWIND,2010113,6524038
GVPIL,2012673,302012
AUTOBEES,2017281,268118
MHLXMIRU,2018817,4902
LFIC,2022913,4820
BYKE,2027265,40546
ZYDUSLIFE,2029825,855739
AVANTIFEED,2031617,403006
MALLCOM,2039041,7736
MAKEINDIA,2042625,26334
GRWRHITECH,2043393,72118
MAHLIFE,2060801,211202
KTKBANK,2061825,1009435
DALBHARAT,2067201,290711
MIDCAP,2067713,51033
CROWN,2069249,17101
AWL,2076161,1239765
RPSGVENT,2078465,34304
AJANTPHARM,2079745,94986
BLBLIMITED,2081793,106020
DEVIT,2085377,99545
MEGASTAR,2087169,0
FIBERWEB,2088705,45094
SPENCERS,2089729,103116
MANYAVAR,2090753,150321
SAGARDEEP,2092801,11102
MOMOMENTUM,2094593,85659
SOFTTECH,2116097,6685
PRITI,2125825,42809
BLUESTARCO,2127617,436486
GSEC5IETF,2135553,10690
MIDCAPETF,2153729,2297002
VIPULLTD,2156545,339630
MITCON,2168065,22539
XELPMOC,2170113,0
TVSMOTOR,2170625,857085
MID150BEES,2177537,595312
GATEWAY,2178561,685747
GMRP&UI,2183425,1890173
CHALET,2187777,172940
NLCINDIA,2197761,1946336
AKSHOPTFBR,2199297,195497
MSUMI,2200577,4530971
LOWVOL1,2209793,152414
VETO,2214913,36808
MOLOWVOL,2215425,34203
DIL,2216193,268545
MUKTAARTS,2223873,6435
VRLLOG,2226177,240801
SHAILY,2234113,227534
PNBGILTS,2236417,420200
OBCL,2252033,10795
SONAMLTD,2254337,57400
PRIVISCL,2259201,122291
AVROIND,2259713,26042
GAEL,2259969,412803
BCG,2261249,7287411
USHAMART,2263041,608997
CHOICEIN,2269697,429989
TNIDETF,2273793,52689
VERANDA,2275841,430685
E2E,2287873,94810
RITCO,2289665,49663
ELDEHSG,2291969,2875
TTML,2292225,772913
HARDWYN,2294273,463638
HARIOMPIPE,2295809,148437
ANUP,2307585,27018
UFO,2313985,165328
ROTO,2316545,187379
PIXTRANS,2326273,12694
ARVINDFASN,2332417,269601
INDOAMIN,2333697,62603
TIPSMUSIC,2333953,201078
BALAJITELE,2344449,113139
UTISXN50,2347009,4015
TPLPLASTEH,2360065,30438
NILAINFRA,2368769,499307
ARROWGREEN,2370561,55456
KRITIKA,2377729,187951
STARTECK,2382081,12486
STLTECH,2383105,1316845
IOB,2393089,5805869
TAJGVK,2394625,194153
MSTCLTD,2395137,263869
CAMPUS,2396673,306515
TRU,2400769,257192
CREATIVEYE,2402305,14836
PNCINFRA,2402561,202538
RAINBOW,2408449,150593
SKIPPER,2413569,295942
AXISCADES,2415617,0
LICI,2426881,958189
RVNL,2445313,3998076
PRUDENT,2445569,26017
AKSHAR,2446849,0
MAHESHWARI,2451457,7915
METROPOLIS,2452737,61355
POLYCAB,2455041,233450
VENUSPIPES,2455553,39885
DELHIVERY,2457345,2996453
SPLPETRO,2461953,99973
KHANDSE,2468097,14664
RELCHEMQ,2470913,6435
MEDICO,2474753,0
HIKAL,2475009,179007
KPITTECH,2478849,903859
TRIDENT,2479361,4012581
PARADEEP,2493697,6795480
ETHOSLTD,2496001,30758
EMUDHRA,2497537,86339
AETHER,2511361,95906
HAVELLS,2513665,755755
NV20BEES,2520833,52172
WEWIN,2524673,0
NEXTMEDIA,2525953,9863
GOLDTECH,2527745,33118
CHEVIOT,2529025,1718
SMARTLINK,2531585,5414
AIRAN,2533633,81832
AXITA,2534913,1622299
NEOGEN,2538753,43242
ALANKIT,2539777,271839
VIKASLIFE,2542337,3660104
ONEPOINT,2544385,418933
EMAMIPAP,2578945,39577
GODREJCP,2585345,1309324
ORICONENT,2600705,390633
SETFNIF50,2605057,441047
BALKRISHNA,2606337,38592
SHYAMCENT,2608129,161591
ADANIENSOL,2615553,1587346
MANORAMA,2618113,133432
CONFIPET,2620929,457415
SYNGENE,2622209,716135
NGLFINE,2630913,2637
AYMSYNTEX,2632961,18270
PPL,2636033,58888
RAMASTEEL,2636801,11305013
AURUM,2639361,138038
RADHIKAJWE,2647809,355215
CSLFINANCE,2649601,11891
JISLJALEQS,2661633,2086093
STEELCITY,2663937,5816
KSHITIJPOL,2664193,161245
MUTHOOTCAP,2666241,31182
DYCL,2666753,272797
LUPIN,2672641,888066
UNITDSPR,2674433,1033928
SATIN,2675969,168262
ARVSMART,2676993,47360
POWERMECH,2681089,64447
RAMRAT,2684161,54304
MOHEALTH,2690049,47823
UTINIFTETF,2690817,84450
CONS,2691073,7444
UTISENSETF,2691841,1520
SHARDAMOTR,2695681,81381
NAVKARCORP,2702593,478682
NIFTYBEES,2707457,3995259
KRBL,2707713,1118452
MPSLTD,2707969,19016
MARKSANS,2708225,1356005
TCI,2708481,20532
MOM30IETF,2709761,833126
SHREEPUSHK,2710529,127506
GUJGASLTD,2713345,267541
BHARTIARTL,2714625,6630619
HDFCNEXT50,2718465,66637
HDFCNIF100,2722049,59010
ASAL,2722305,32384
OLECTRA,2723073,356500
PONNIERODE,2729217,14273
PNB,2730497,13501177
MNC,2733057,68680
NIFTYQLITY,2736641,76663
MOMENTUM,2737409,50325
SURANAT&P,2739201,168870
INFRAIETF,2745089,127560
INDIAMART,2745857,85503
SPORTKING,2747649,146098
OFSS,2748929,126725
UNIONBANK,2752769,10075624
APTECHT,2753281,59494
OAL,2756609,10889
NUCLEUS,2762497,17298
SYRMA,2763009,1523123
CANBK,2763265,20737536
MOQUALITY,2770433,1228
MOVALUE,2771201,63585
GVPTECH,2781441,47505
GRMOVER,2782977,747642
DBOL,2788609,57955
GENESYS,2791681,147151
GODREJIND,2796801,117287
RADAAN,2798593,38027
JUNIORBEES,2800385,244044
DIVISLAB,2800641,384955
TMB,2801921,67067
RADICO,2813441,300697
INDORAMA,2814209,121468
MARUTI,2815745,359244
LIQUIDBEES,2817537,2878131
INFOBEAN,2822913,60567
SANGINITA,2824193,73300
BANKIETF,2825473,362671
DCMNVL,2825985,21488
SATIA,2827521,65936
SIRCA,2828801,406169
SECURKLOUD,2830849,33294
KSOLVES,2831361,39784
AGRITECH,2834433,3764
LIBAS,2836993,33170
SUMIT,2851841,45342
SHRENIK,2854145,767229
CREATIVE,2855681,14702
HARSHA,2857473,35268
IDFCFIRSTB,2863105,16611472
INDIGO,2865921,1142358
SHK,2870273,365087
VARDHACRLC,2872321,45557
UCOBANK,2873089,6614104
BAGFILMS,2873857,130090
SUVEN,2875649,138045
JSL,2876417,637628
NSIL,2877185,6456
HDFCGROWTH,2877697,17130
WELSPUNLIV,2880769,3029819
HDFCQUAL,2881281,24494
JAIBALAJI,2881537,669934
HDFCVALUE,2882561,5801
IGL,2883073,2422272
TVSELECT,2883841,39170
DREDGECORP,2885377,30442
TVTODAY,2886401,33892
UPL,2889473,2335744
UNIENTER,2891009,6066
SIL,2892033,22247
LUXIND,2893057,21471
BALAXI,2895105,54864
LICNETFN50,2897665,1334
MUKANDLTD,2899201,202518
AFFLE,2903809,188386
PETRONET,2905857,1658613
PTC,2906881,1114857
DHANBANK,2907905,607441
VAIBHAVGBL,2909185,369287
TTKHLTCARE,2910465,2778
BIOCON,2911489,3007561
TIPSFILMS,2911745,3069
MAHABANK,2912513,6507294
PVTBANIETF,2914817,950973
ZOTA,2916865,73469
SALZERELEC,2918145,88597
POONAWALLA,2919169,2405464
XPROINDIA,2920193,19431
RKFORGE,2921217,471273
DATAMATICS,2924289,217959
NDTV,2925313,78365
KRITINUT,2926593,17947
SPANDANA,2927361,235715
BANKBEES,2928385,418669
LICNETFSEN,2928897,121
PILANIINVS,2929921,3111
CCL,2931713,240117
NV20,2932993,14007
EXCELINDUS,2936577,6784
LT,2939649,1625095
APARINDS,2941697,108731
AMBICAAGAR,2942977,11411
CENTEXT,2946817,0
NIITLTD,2949633,296219
EMIL,2951681,962741
ULTRACEMCO,2952193,207575
TCS,2953217,2666980
HDFCMOMENT,2953729,205027
COFORGE,2955009,1728831
HDFCLOWVOL,2956033,52223
TEXINFRA,2956545,107491
DCI,2960897,25197
PPLPHARMA,2962177,3323996
FORCEMOT,2962689,88230
WESTLIFE,2964481,132996
GULFPETRO,2964737,40096
TRACXN,2964993,243640
HDFCNIFTY,2967297,54314
HDFCSENSEX,2967809,25221
LINCOLN,2968577,22738
GUFICBIO,2971137,39333
ASTRAMICRO,2974209,397049
WELENT,2976257,213087
NARMADA,2976513,0
NTPC,2977281,8364904
BOHRAIND,2979841,22199
KOTARISUG,2981633,47784
LALPATHLAB,2983425,125727
JBMA,2983681,322086
DWARKESH,2986753,474909
INDOCO,2989313,106705
SUPRAJIT,2992385,78201
PATELENG,2994945,1632768
ALKEM,2995969,148062
XCHANGING,2996481,94995
JSWSTEEL,3001089,1476025
CONSOFINVT,3003137,5104
JINDALPHOT,3006209,14503
JPPOWER,3011329,22803152
GOKEX,3015169,603322
ACEINTEG,3015425,7986
EVEREADY,3016193,220208
GOYALALUM,3017473,76255
SAKSOFT,3019265,268882
HPIL,3019777,8772
ALLDIGI,3020289,9024
SUKHJITS,3021825,7076
IIFL,3023105,1338338
SHOPERSTOP,3024129,45875
MANGALAM,3025153,23533
WELCORP,3026177,490968
SSWL,3028225,198111
NH,3031041,304098
SURYALAXMI,3034113,7551
SHAHALLOYS,3035137,27761
JKPAPER,3036161,484396
PRIMESECU,3037185,66034
GRANULES,3039233,1003560
JSWHL,3041281,1312
MANINDS,3042305,467342
VHL,3044353,0
DCXINDIA,3045121,643343
GEOJITFSL,3045377,394942
GENUSPOWER,3047681,892386
SWELECTES,3048705,41229
YESBANK,3050241,77922306
MSPL,3051265,871602
FUSION,3054593,327101
SPLIL,3055361,13646
MCLEODRUSS,3057409,0
MEDANTA,3060737,292034
BIKAJI,3063297,185962
GOLDIAM,3064577,465351
RML,3065601,10543
SASKEN,3067649,16453
ICIL,3068673,436897
SYNCOMF,3069953,733798
FCSSOFT,3071745,1949791
FAZE3Q,3072001,101043
IMPAL,3074305,2186
AEROENTER,3075841,184387
SUZLON,3076609,63941907
AURIONPRO,3077633,147175
ACI,3078145,138730
RENUKA,3078657,3109664
FIVESTAR,3080193,1026452
BASML,3080705,130515
SCPL,3090433,12114
KAYNES,3095553,478709
HDFCNIFIT,3097857,77668
HDFCPVTBAN,3099649,61916
DOLATALGO,3103745,250022
BBTCL,3111169,8493
HNDFDS,3116289,45798
INOXGREEN,3120129,727315
RUSTOMJEE,3128065,36309
ZIMLAB,3170305,143694
SWSOLAR,3197185,1848850
VINNY,3197441,400569
AAATECH,3208449,0
FINIETF,3219969,298116
PRECAM,3226369,226285
MBAPL,3247617,177663
TEAMLEASE,3255297,19231
DJML,3263745,14728
HYBRIDFIN,3279105,0
KRISHANA,3288833,194394
SARVESHWAR,3305729,6432714
NPBET,3322369,863
DHARMAJ,3328257,35345
SAFARI,3336961,37679
UNIPARTS,3342593,116282
IIFLCAPS,3346433,457126
TRIVENI,3348737,242351
AIAENG,3350017,55101
EKC,3351297,349586
VIMTALABS,3353857,451845
ORIENTCER,3356417,69766
QUICKHEAL,3357697,295803
KERNEX,3358977,64184
REPRO,3360257,7045
EBBETF0433,3363585,3615
GSEC10IETF,3364609,1445
PVRINOX,3365633,357258
CELEBRITY,3369473,33642
NITINSPIN,3372801,74495
ROHLTD,3374593,71448
ENIL,3377153,19217
GSPL,3378433,452360
COMMOIETF,3378689,80595
JAGRAN,3382017,122514
SULA,3383809,351087
SADBHAV,3388417,265543
SAKUMA,3392257,1149454
KEC,3394561,709335
JKCEMENT,3397121,112177
INDOTECH,3398401,21646
LANDMARK,3398657,89323
M&MFIN,3400961,2301682
AFSL,3401729,26190
BLKASHYAP,3402241,350412
NITCO,3404801,237420
CENTURYPLY,3406081,93315
KEI,3407361,244649
SOLARINDS,3412993,115953
GALLANTT,3414273,468567
VAKRANGEE,3415553,1975552
MALUPAPER,3418113,16746
KFINTECH,3419905,956329
UTTAMSUGAR,3424257,36125
KKCL,3425537,32297
BHAGERIA,3430401,60321
SUNTV,3431425,266915
GPIL,3432705,2775803
RSYSTEMS,3433985,83985
EMKAY,3435777,0
ELIN,3436289,121478
KELLTONTEC,3438081,4705315
LOKESHMACH,3439617,47476
BALPHARMA,3440897,15220
RATNAMANI,3443457,21058
KAMDHENU,3444993,902970
PIONEEREMB,3446529,20296
JKLAKSHMI,3453697,137021
PFOCUS,3454977,2673454
ALLCARGO,3456257,0
AKASH,3458561,11502
MUNJALAU,3458817,417726
EMAMILTD,3460353,517715
NECCLTD,3461633,71863
GMRAIRPORT,3463169,10903002
VIDHIING,3465217,14260
TECHM,3465729,1539502
AVONMORE,3470593,241055
GRINDWELL,3471361,54083
RAMANEWS,3472641,38667
VOLTAMP,3475713,49173
RADIANTCMS,3476481,122270
ATLANTAA,3477761,0
ACE,3478273,148021
SELAN,3481089,26980
IRCTC,3484417,683010
ANANTRAJ,3486721,2702027
BILVYAPAR,3488001,8490
SKYGOLD,3489537,1242468
JMFINANCIL,3491073,4025332
ELECON,3492609,442442
BANKETFADD,3492865,22953
TALBROAUTO,3493889,125025
ALICON,3495937,8438
GEECEE,3496449,4763
MADHUCON,3499777,31518
NRL,3500801,45542
ACLGATI,3504129,0
AERONEU,3504385,13474
VISHWARAJ,3507713,287620
FIEMIND,3509761,86672
JHS,3512321,151715
DCBBANK,3513601,1414703
GLOBALVECT,3516161,20370
SHYAMTEL,3517441,2628
GTLINFRA,3518721,31086183
FLUOROCHEM,3520001,85270
NAUKRI,3520257,1016829
MANOMAY,3520769,5863
SHIVAMAUTO,3521537,92055
BBL,3522817,33071
GESHIP,3526657,258050
TORNTPOWER,3529217,521129
BAIDFIN,3531265,86060
MANALIPETC,3531777,676238
SUTLEJTEX,3533057,43323
GREENPANEL,3535361,628536
KAMOPAINTS,3536385,546518
LTFOODS,3536897,674050
RUCHIRA,3538177,80196
SOBHA,3539457,162391
DONEAR,3542785,39365
MMFL,3544065,40619
VENUSREM,3547905,15289
AARTIPHARM,3550209,181807
KUANTUM,3550721,42766
JINDRILL,3552001,80802
BANCOINDIA,3553281,989358
HIRECT,3555841,35564
CREST,3558401,6290
PLASTIBLEN,3563521,9311
NFL,3564801,701455
LIQUID1,3571201,397506
PARACABLES,3571457,677902
HBLENGINE,3575297,3436716
TANLA,3577857,565957
JASH,3579393,79990
ABSLBANETF,3580673,86522
ZEEMEDIA,3584769,1930103
AVTNPL,3586049,216523
LUMAXTECH,3587585,186365
VEEDOL,3588865,13019
SARLAPOLY,3595009,90322
SANGHVIMOV,3598849,402575
WANBURY,3600129,85966
SAGCEM,3601409,129576
IGPL,3606017,23799
SIYSIL,3608577,74727
PTL,3609857,43871
AUTOIND,3611137,71173
NETWORK18,3612417,2981622
GANDHITUBE,3613697,23419
PITTIENG,3618305,36468
SBGLP,3619585,33371
BTML,3622401,257085
UNOMINDA,3623425,889666
NSLNISP,3630081,6165809
NINSYS,3633665,3101
TIMKEN,3634689,64677
HUBTOWN,3635969,566776
CTE,3639809,9132
TIIL,3641089,12332
HDFCBSE500,3642881,25766
HDFCSML250,3643649,924740
HDFCMID150,3644417,260445
TVSSRICHAK,3646721,6584
REDINGTON,3649281,6066891
PGIL,3650561,123993
ORIENTBELL,3655169,8947
SEQUENT,3659777,602716
PFC,3660545,4669261
FSL,3661825,1085680
INDIANB,3663105,1382555
TFL,3665665,15973
SMSPHARMA,3668225,511619
HSCL,3669505,996126
GANESHHOU,3670785,49731
ORIENTALTL,3672577,310433
APOLLOPIPE,3676417,64020
IDEA,3677697,617517788
POCL,3682561,590153
AMDIND,3685889,46326
RAJTV,3687169,4195
PAGEIND,3689729,20798
ASTRAL,3691009,730776
LAOPALA,3692289,43622
GOLDBEES,3693569,16887903
JKTYRE,3695361,597055
NAHARSPING,3696641,16717
NAHARPOLY,3697921,12391
EMBDL,3699201,4231127
LEXUS,3701505,0
DIVGIITTS,3706625,10128
GOKULAGRO,3706881,390854
THEMISMED,3708161,338604
NCLIND,3709441,90108
BALAMINES,3712257,35051
BANSWRAS,3714817,23318
ABSLLIQUID,3716609,2553
ICRA,3717889,4286
DISHTV,3721473,2668695
PHOENIXLTD,3725313,564418
AROGRANITE,3726593,39019
ZENITHSTL,3727873,0
BFUTILITIE,3729153,0
SRHHYPOLTD,3732993,9419
PSUBNKIETF,3733505,136507
FORTIS,3735553,1941682
ALPHAGEO,3736833,13918
GSLSU,3737345,106554
WEBELSOLAR,3738113,221476
TGBHOTELS,3739393,28558
CHEMBOND,3742209,13621
HILTON,3744513,55160
INSECTICID,3752193,22445
KMSUGAR,3754753,115739
NAVINFLUOR,3756033,110167
GOACARBON,3759873,19281
NAGREEKEXP,3763713,26293
TIMETECHNO,3764993,1137805
HGS,3766273,15647
DLF,3771393,2250953
AXSENSEX,3773953,1186
ADVANIHOTR,3774721,34296
NELCAST,3778817,155402
V2RETAIL,3780097,86322
TARMAT,3781377,25242
LOWVOL,3785217,1251
SPARC,3785729,231286
MEGASOFT,3787009,0
ADSL,3792129,297337
WSI,3795969,113451
DECCANCE,3798529,58950
VIPCLOTHNG,3799809,187107
ALPA,3801089,16530
OMAXE,3802369,196439
USK,3806977,66595
CENTRALBK,3812865,4661767
SAHYADRI,3814401,4085
KDDL,3816449,11215
KPRMILL,3817473,301707
TAKE,3818753,0
PURVA,3820033,154925
LAL,3820545,26678
CIEINDIA,3823873,134373
GSEC10YEAR,3824129,18283
NAGREEKCAP,3825153,0
MOTILALOFS,3826433,974611
INDOWIND,3827713,165024
MAGNUM,3828993,50319
CSBBANK,3831297,529234
KSCL,3832833,78038
POWERGRID,3834113,10022062
CENTUM,3835393,31852
CCCL,3837953,0
MANGCHEFER,3841793,0
PSUBNKBEES,3848193,1882845
BAJAJELEC,3848705,81211
CERA,3849985,14665
DELTACORP,3851265,1033676
AVALON,3854849,370788
PSUBANK,3855617,39565
BLAL,3857153,27645
RELIGARE,3857409,1257913
ADANIPORTS,3861249,1795538
EDELWEISS,3870465,5781187
KOLTEPATIL,3871745,64433
RGL,3873025,414133
COLPAL,3876097,463640
JYOTHYLAB,3877377,261006
MADHAV,3878657,8746
KALYANIFRG,3879937,1715
RHL,3880193,5581
HITECHCORP,3881217,10788
TARIL,3884545,1011859
ECLERX,3885825,164083
KIRLPNU,3886081,71032
BRIGADE,3887105,391315
MANAKSIA,3890945,36159
ARIES,3892225,60675
DVL,3894785,27452
PATINTLOG,3896065,85659
UJJIVANSFB,3898369,7779247
LICNFNHGP,3898625,943
AMBIKCO,3899905,6116
BIRLAMONEY,3901185,72374
CEATLTD,3905025,140723
RPOWER,3906305,15282667
JKIL,3908097,99926
CORDSCABLE,3909377,27408
ONMOBILE,3911169,607800
KNRCON,3912449,990734
HERCULES,3913729,17279
VIRINCHI,3915521,0
BANG,3917569,13143
SEPC,3918849,4631126
IRB,3920129,9576824
NMDC,3924993,18875578
RAIN,3926273,1193497
SHALPAINTS,3927553,154705
GSS,3928833,73364
RECLTD,3930881,5545209
VGUARD,3932673,269246
PDMJEPAPER,3936513,109829
MANKIND,3937281,411850
DHANI,3938305,0
RACE,3940097,12568
EIHAHOTELS,3942145,18675
ATAM,3943425,26301
NESCO,3944705,95072
TITAGARH,3945985,871297
DPSCLTD,3947265,117522
HCG,3982081,262383
AVG,3990785,21402
LATTEYS,4055041,0
HINDWAREAP,4066049,196395
PRINCEPIPE,4107521,110611
BHARATWIRE,4127489,184079
PAVNAIND,4145153,253325
INFIBEAM,4159745,8126318
EBBETF0430,4160769,15357
PANACHE,4170753,0
MMP,4197121,21731
VAISHALI,4246785,390895
KIRIINDUS,4259585,259710
ANIKINDS,4264193,24774
SIGMA,4264449,0
BAJAJFINSV,4268801,1070291
PTCIL,4270593,17651
GHCLTEXTIL,4274177,96783
GOKUL,4276481,20371
UBL,4278529,146795
ALMONDZ,4280065,172604
RPGLIFE,4281601,15288
GVT&D,4296449,493562
ARCHIDPLY,4299521,15785
QNIFTY,4305665,431
VINYLINDIA,4306177,10618
IKIO,4306433,54495
KOKUYOCMLN,4307713,44367
SINDHUTRAD,4315905,1373273
LPDC,4316929,26809
DPWIRES,4326401,19426
TOUCHWOOD,4328449,15352
ARTEMISMED,4329729,132943
ZFCVINDIA,4330241,10313
JOCIL,4333313,2252
INDBANK,4334849,49369
ASHOKAMET,4337409,24874
ALKALI,4341505,17333
COUNCODOS,4348417,69189
TPHQ,4350977,1607684
MAWANASUG,4357633,33461
PATANJALI,4359425,1086568
THYROCARE,4360193,180014
SHARIABEES,4363265,10877
HMAAGRO,4365569,248814
PALREDTEC,4367873,0
URAVIDEF,4370177,5319
CROMPTON,4376065,2020549
SUMICHEM,4378881,329755
PARAGMILK,4385281,1378324
IDEAFORGE,4387841,446613
AARTECH,4389121,45906
MIDCAPIETF,4390913,764476
NEXT50,4398337,15665
SHRIPISTON,4399617,45590
CYIENTDLM,4399873,177865
PAKKA,4402433,119319
ITETFADD,4404993,49485
ALBERTDAVD,4417537,3236
ARMANFIN,4419329,26521
ASPINWALL,4421121,3254
SENCO,4421377,650966
BLS,4423425,1762530
NAGAFERT,4427521,335367
AJMERA,4430593,75439
LLOYDSME,4432129,289585
MHRIL,4437249,77778
SALONA,4441857,1262
GKWLIMITED,4443393,1524
UTKARSHBNK,4443649,1434809
VINATIORGA,4445185,48519
ADANIPOWER,4451329,4874342
SETF10GILT,4453121,19183
PREMEXPLN,4453633,1068042
NHPC,4454401,10796990
BANKETF,4459265,3816
GLOBUSSPR,4460545,166964
NETWEB,4462849,2010892
OIL,4464129,1817949
NV20IETF,4473601,464757
CONTROLPR,4474113,31369
EXPLEOSOL,4476417,17810
INCREDIBLE,4481793,9187
SETCO,4483585,75428
RTNPOWER,4485121,13501233
MAHASTEEL,4486913,0
MGL,4488705,257748
DAMODARIND,4490497,6571
AMRUTANJAN,4492033,17081
LIQUID,4498433,142486
PVTBANKADD,4499457,20659
ASALCBR,4505089,33621
MAHEPC,4506369,44348
SENSEXADD,4508929,5797
PSUBANKADD,4509697,196507
MOLDTECH,4512001,80898
ZYDUSWELL,4514561,256786
SUNTECK,4516097,335174
POKARNA,4518657,125982
ALOKINDS,4524801,4052206
GPTINFRA,4527361,303928
LTGILTBEES,4531201,2262105
MIDSELIETF,4531713,182526
QUESS,4532225,270423
DEN,4536833,383716
ASTEC,4538369,43744
YATHARTH,4540929,544896
NIITMTS,4543233,138375
SHILPAMED,4544513,60022
SARDAEN,4546049,665827
REFEX,4547585,286091
GROBTEA,4549121,136
ATL,4551169,191485
SOMICONVEY,4555265,11729
TREL,4555521,98442
LLOYDSENGG,4557057,2129055
QUAL30IETF,4558849,114443
LTIM,4561409,228192
AHLUCONT,4565249,46852
GILLANDERS,4566785,14096
DLINKINDIA,4569857,78268
REDTAPE,4571905,436953
JSWENERGY,4574465,2060238
GODREJPROP,4576001,561566
DBCORP,4577537,89750
GATECH,4579329,14321606
ABBOTINDIA,4583169,7729
GEEKAYWIRE,4588033,88467
BAYERCROP,4589313,27635
BEARDSELL,4590849,68572
HINDCOPPER,4592385,5504832
COHANCE,4593921,832000
MMTC,4596993,898992
NESTLEIND,4598529,1276118
SBICARD,4600577,957737
TRF,4604673,30968
UNITEDTEA,4607745,4398
WHIRLPOOL,4610817,172322
VLEGOV,4611073,253534
SBFC,4614657,1968642
MBLINFRA,4615425,72098
ADVENZYMES,4617985,314520
CONCORDBIO,4623361,97816
DBL,4630017,331034
JUBLFOOD,4632577,1370016
NIFTY1,4634113,93507
VASCONEQ,4636161,2690555
THANGAMAYL,4638209,40873
SRGHFL,4638465,2475
DBREALTY,4639745,846337
YASHO,4641537,11677
DOLPHIN,4643585,4611
EMMBI,4644353,20833
JIOFIN,4644609,9829584
TVSSCS,4646657,452991
HATHWAY,4647425,1559101
ORIENTLTD,4661249,12923
TEXMOPIPES,4662785,33208
KECL,4664321,121025
MANINFRA,4665857,361532
PYRAMID,4672001,21496
SPAL,4672513,49522
AEROFLEX,4676609,559501
HDFCLIQUID,4679425,11522
HNGSNGBEES,4680705,150498
LGBBROSLTD,4690177,27126
VPRPL,4695297,1206246
NIFMID150,4696833,1306
SANDUMA,4699905,207220
PERSISTENT,4701441,482017
NDGL,4702977,185
RBLBANK,4708097,12075247
ASIANHOTNR,4716033,14433
RATNAVEER,4716289,330424
BIGBLOC,4718337,70832
POWERINDIA,4724993,140518
ISFT,4730625,19719
TVVISION,4737025,43077
CUPID,4741121,3621457
DIACABS,4747009,1406658
JLHL,4749569,37979
MITTAL,4751873,676572
LTTS,4752385,58983
RRKABEL,4752897,114825
GNA,4754177,22809
KIRLOSBROS,4756737,55089
EMSLIMITED,4759809,159800
ZAGGLE,4763649,743935
SAMHI,4765185,1003851
DIAMINESQ,4772865,5182
ICICIPRULI,4774913,888440
MARATHON,4776705,131803
HPL,4781825,146892
NUVAMA,4792577,134022
MASKINVEST,4794113,0
SIGNATURE,4798209,290236
KALAMANDIR,4801281,1251885
YATRA,4802561,3313959
IDFNIFTYET,4808449,1195
ENDURANCE,4818433,149446
TARAPUR,4819713,0
VERTOZ,4828929,189586
MAZDA,4829697,22277
SJVN,4834049,2481884
KSL,4835585,43381
PNBHOUSING,4840449,1163369
VBL,4843777,6354708
SUNDARAM,4846337,448030
RAJRATAN,4854273,98951
KAPSTON,4855553,11567
UNIVASTU,4858113,49192
MVGJL,4867841,92307
JSWINFRA,4869121,1226597
KIRLOSIND,4870401,5482
PODDARMENT,4873217,4462
MANAPPURAM,4879617,3883529
AARVI,4882689,27904
ITBEES,4885505,8489741
SILLYMONKS,4888833,0
ROLLT,4890625,118640
NBIFIN,4892417,275
UDS,4892929,254693
KIOCL,4896257,0
UMESLTD,4900353,28093
SFL,4911105,122729
TI,4914177,1397284
HEADSUP,4916481,49643
HMVL,4918017,46456
VALIANTLAB,4919809,30312
TCIEXP,4921089,20549
SENSEXETF,4921345,12141
AARTISURF,4923649,4159
LAURUSLABS,4923905,2182863
IMFA,4924161,120372
MONIFTY500,4924673,395784
BLISSGVS,4931841,1145260
EMAMIREAL,4934913,22750
THEJO,4935425,3616
MOM50,4937985,5734
ITDC,4940545,201415
HISARMETAL,4946433,3191
SPCENET,4959233,0
BOROLTD,4966657,83895
ROSSARI,4968961,58958
AHLEAST,4976129,7362
CAPTRUST,4978433,21613
PLAZACABLE,4981249,34315
SECMARK,4990977,2179
TICL,4992257,0
IITL,4998401,7549
BAJAJCON,4999937,977975
BHANDARI,5006337,194733
UGARSUGAR,5011969,116069
BSE,5013761,4496153
IRMENERGY,5016833,249289
PRAKASHSTL,5017345,170030
PRICOLLTD,5025537,531824
ITETF,5026049,278464
ALPHAETF,5027841,484755
MAXESTATES,5029377,89445
BLUEJET,5039617,539869
LIQUIDSBI,5044481,8367
GPPL,5051137,1460010
ADFFOODS,5058817,124172
MUFIN,5064449,317794
CELLO,5067521,204971
HONASA,5072129,951341
AMNPLST,5085953,7067
LGHL,5088257,67051
RADIOCITY,5088513,93774
ESAFSFB,5088769,325050
DMART,5097729,404848
ORISSAMINE,5102337,13633
KILITCH,5103873,9775
DEEPAKNTR,5105409,101808
SASTASUNDR,5136129,20440
INTENTECH,5138177,0
INFRABEES,5138433,9576
CPCAP,5142017,23032
TASTYBITE,5143553,1366
GREENPOWER,5148161,3220780
RAMKY,5154305,80940
ASKAUTOLTD,5158913,225441
ARIHANTSUP,5160705,27477
CANTABIL,5160961,121741
AKSHARCHEM,5165569,4674
ASHOKA,5166593,731259
WABAG,5168129,169650
BEDMUTHA,5170177,9977
URJA,5171969,1003990
JWL,5177345,671294
OBEROIRLTY,5181953,514374
IREDA,5186817,5521516
TATATECH,5195009,640770
PRESTIGE,5197313,684948
GANDHAR,5197569,148507
SHANKARA,5202177,182135
FEDFINA,5202433,1284309
RESPONIND,5202689,68698
CGCL,5204225,2365268
FLAIR,5215233,168291
COALINDIA,5215745,5433040
IOLCP,5225729,2330448
WIPL,5243137,9857
PRUDMOULI,5254913,88434
BAJEL,5255937,150556
GRAVITA,5256705,289052
DOMS,5261057,67325
INDIASHLTR,5262337,157838
DOLLAR,5263361,94236
INOXINDIA,5275393,64641
SUPERHOUSE,5277697,8240
PENIND,5278977,1089638
JINDWORLD,5284353,1715564
SCHAND,5298689,44056
RPPINFRA,5314561,80012
JAMNAAUTO,5319169,1051352
MOTISONS,5321729,2079029
SURAJEST,5330433,221300
HUDCO,5331201,3059774
MOIL,5332481,697106
MUTHOOTMF,5332737,182541
ZEELEARN,5338113,490747
HAPPYFORGE,5338625,24418
RBZJEWEL,5343745,129006
PSPPROJECT,5344513,259248
MUFTI,5344769,136037
AZAD,5351681,189986
KIRLOSENG,5359617,473282
RKDL,5363201,21376
SUNCLAY,5364737,17428
PSB,5376257,1445866
FMNL,5380353,0
INNOVACAP,5391873,26940
SURANASOL,5395713,71057
STARCEMENT,5399297,308354
SHEKHAWATI,5400321,20643
BFINVEST,5404929,35700
KICL,5406465,1397
TEJASNET,5409537,978254
ERIS,5415425,96774
CDSL,5420545,2031454
GTPL,5425921,19084
AUBANK,5436929,2697036
DIGIDRIVE,5439233,37660
AXISNIFTY,5440513,13923
LOWVOLIETF,5441025,1509958
SUMMITSEC,5446401,18627
DYNPRO,5456385,23648
JYOTICNC,5461505,251895
STEELXIND,5462785,1988733
SALASAR,5468673,11273249
PALASHSECU,5474049,5127
MAGADSUGAR,5476353,5217
GANGESSECU,5478145,2882
AVADHSUGAR,5479937,26276
MOM100,5484289,346672
THEINVEST,5485313,11815
TATSILV,5485569,6959738
OPTIEMUS,5496065,209946
UTINEXT50,5498369,82998
STEL,5499905,7280
SIS,5504257,78364
COCHINSHIP,5506049,1132613
SMSLIFE,5517057,1121
COMSYN,5523969,0
ABCAPITAL,5533185,5177742
APEX,5535489,264968
BRNL,5550849,230560
DIXON,5552641,271604
DCAL,5556225,158414
MEDIASSIST,5556481,222951
MATRIMONY,5561857,10913
RHFL,5563649,0
CHOLAHLDNG,5565441,205466
CAPACITE,5567745,339394
LIQUIDCASE,5568001,9109743
ICICIGI,5573121,482420
DAVANGERE,5579265,6844243
SBILIFE,5582849,841296
TEXRAIL,5587969,946861
DIAMONDYD,5591041,80528
HFCL,5619457,12489220
INDTERRAIN,5620993,89797
NIFTYBETF,5621505,2749
BANKBETF,5628417,27477
DHUNINV,5691649,1260
EBBETF0431,5693185,10724
NDRAUTO,5697281,31949
WORTH,5702913,23284
TIRUPATIFL,5704193,175588
ALPL30IETF,5720065,811644
MACPOWER,5720833,8475
MCL,5724161,0
ITIETF,5725441,648573
MAXHEALTH,5728513,2226486
LOVABLE,5738241,17745
TOTAL,5740289,6121
MAXIND,5741569,49629
HDFCNIFBAN,5742849,104093
UTIBANKETF,5744641,231526
EPACK,5750529,610283
NOVAAGRI,5754113,99404
NIFITETF,5756929,2105
NIF5GETF,5765377,4040
NIF10GETF,5766145,3752
BLSE,5776897,73469
HEALTHADD,5783553,1628
HDFCPSUBK,5784321,26839
PFS,5786113,516905
PARKHOTELS,5798145,405759
SIGNPOST,5799937,48901
JSFB,5801729,230455
RPTECH,5803521,136668
CAPITALSFB,5804801,38055
ENTERO,5815553,82885
LICNMID100,5816833,12249
VSTL,5818881,17438
MON100,5821185,718694
JUNIPER,5842945,104056
SMALLCAP,5844993,1648041
GPTHEALTH,5848577,106677
PLATIND,5870081,129806
EXICOM,5874433,245628
MUKKA,5882881,320669
LANCORHOL,5894913,0
RKSWAMY,5899009,39545
JGCHEM,5902337,211284
GOPAL,5904897,117011
SCILAL,5920513,418511
PVSL,5924353,84141
KRYSTAL,5932801,19501
MOSMALL250,5934337,878911
MOREALTY,5935105,332373
SRM,5990913,188580
LIQUIDADD,5992193,590126
SINCLAIR,6010881,50320
BHARTIHEXA,6013185,205971
TARACHAND,6019073,141354
AIIL,6029569,83796
GLOSTERLTD,6039041,1645
BALUFORGE,6043393,172317
JNKINDIA,6046977,62040
FILATFASH,6053633,34933596
MUTHOOTFIN,6054401,652085
INDGN,6065409,364002
AADHARHFC,6074625,326932
TBOTEK,6077441,239150
GODIGIT,6092545,642710
ABSLPSE,6094337,178748
MIDSMALL,6106881,266907
AWFIS,6109185,376202
LIQUIDBETF,6122241,328675
BOROSCI,6147585,98323
KRONOX,6150401,71592
IXIGO,6161153,4661604
MID150CASE,6163713,1376609
TOP100CASE,6164737,687139
BBNPNBETF,6173953,1138
RETAIL,6181121,9051
DEEDEV,6183425,120960
AFIL,6184705,1181531
PIIND,6191105,190670
SYMPHONY,6192641,53478
VADILALIND,6194177,5009
IVZINNIFTY,6199553,41
RELAXO,6201601,314640
STANLEY,6201857,43497
OMINFRAL,6203137,149885
ESTER,6211841,159275
VSTTILLERS,6218753,28944
ABDL,6222849,494380
VRAJ,6226177,19478
LIQUIDSHRI,6239745,11611
BANSALWIRE,6242817,87479
EMCURE,6245889,129860
ASHIANA,6247169,38308
ABGSEC,6247425,730
DHANUKA,6248705,41245
AGIIL,6257921,104124
EVINDIA,6262017,229451
SBINEQWETF,6278145,18264
FILATEX,6280193,1739376
OILIETF,6280449,2032340
MAITHANALL,6281729,35360
SANSTAR,6292993,472474
RUSHIL,6296321,507914
RELTD,6296577,135700
AVANTEL,6300161,2440555
AKUMS,6327041,170758
RUBFILA,6330881,41264
RPEL,6332161,40408
CEIGALL,6333953,189159
BSLNIFTY,6343937,327572
GROWWEV,6348289,260529
UNIECOM,6351105,265795
FIRSTCRY,6352385,815690
MANCREDIT,6354689,36829
GSEC10ABSL,6360833,466
SUYOG,6361857,22201
SSDL,6363137,29001
METALIETF,6364417,3033206
INVENTURE,6366721,1036010
INTERARCH,6376705,28159
GLOBALE,6382593,7550
MFML,6383873,12754
MODEFENCE,6385665,2161566
LTF,6386689,7243239
ORIENTTECH,6390017,231857
SURAJLTD,6391297,26227
WINDMACHIN,6392065,61862
BODALCHEM,6404353,182501
PREMIERENE,6412545,985256
ECOSMOBLTY,6415361,179701
RAYMONDLSL,6418689,114053
MULTICAP,6420481,224782
TREEHOUSE,6420993,24835
ASAHISONG,6422529,12373
STYLEBAAZA,6429185,423810
GALAPREC,6434305,12287
BROOKS,6434817,30841
RVTH,6440193,1683
EUREKAFORB,6441473,176887
TOP10ADD,6443777,300023
TDPOWERSYS,6445569,873263
BALAJEE,6451969,178491
SANOFICONR,6456833,6570
XTGLOBAL,6460161,46527
KROSS,6464513,299483
EBANKNIFTY,6466049,984
TOLINS,6467073,482385
BAJAJHFL,6469121,3748183
PNGJL,6479873,268278
APLLTD,6483969,98197
PGEL,6491649,3778183
PANAMAPET,6500353,50434
ARKADE,6501889,471902
WCIL,6503169,288515
NORTHARC,6509057,687670
GROWWLIQID,6514433,211389
PAISALO,6519809,8697000
TIJARIA,6523393,30876
ONELIFECAP,6525953,0
INDOUS,6528769,21217
FLEXITUFF,6531073,13310
SHAKTIPUMP,6546945,313580
TRITURBINE,6549505,408542
MANBA,6552833,42121
MOMENTUM50,6555137,393856
INDOTHAI,6555649,0
UYFINCORP,6560257,0
ESSARSHPNG,6562305,0
KRN,6564609,320108
DIFFNKG,6572033,105888
JISLDVREQS,6575105,23755
DSSL,6576641,22646
POLYMED,6583809,183716
RUPA,6585345,82294
BANKPSU,6585601,12610
METAL,6590465,1047927
VIKASECO,6593537,2691894
GROWWDEFNC,6594049,297055
APLAPOLLO,6599681,531493
KANANIIND,6601217,219450
GARUDA,6604801,3154972
LLOYDSENT,6606593,1495863
VINCOFE,6613761,2139658
HYUNDAI,6616065,791655
AFFORDABLE,6618881,85517
DBEIL,6628353,108525
MINDACORP,6629633,292079
WAAREEENER,6632193,1295443
GODAVARIB,6640897,59277
AFCONS,6650113,659094
AVL,6651905,280713
EMULTIMQ,6654977,79289
HEXATRADEX,6914049,4483
ABINFRA,6917121,58187
TBZ,6921473,283614
MASTERTR,6924033,998467
SAGILITY,6925313,34422171
ACMESOLAR,6927617,1029254
SWIGGY,6928897,8917655
VSSL,6929153,63597
LIQUIDPLUS,6931201,95455
KPEL,6932225,295556
KMEW,6933505,84735
SWANCORP,6936321,1418309
NIVABUPA,6936833,2656130
SPECIALITY,6939393,31428
BLACKBUCK,6948865,1345300
CINELINE,6953217,21866
RACLGEAR,6955777,31523
NTPCGREEN,6957057,4700149
EIEL,6966529,868052
RTNINDIA,6988033,2011089
SAMPANN,6989569,111996
SURAKSHA,6997505,36880
ROSSTECH,7002369,106391
ODIGMA,7058177,0
SAILIFE,7126785,402863
VMM,7160065,7767685
MOBIKWIK,7179777,2408849
IKS,7200001,274413
ANUHPHR,7248385,70945
IGIL,7264769,851524
DAMCAPITAL,7337473,514566
MAMATA,7343873,225044
TRANSRAILL,7350785,867585
CEWATER,7363585,21120
SANATHAN,7374081,37115
VENTIVE,7384833,94382
PROZONER,7387905,0
CARRARO,7393025,141320
SENORES,7395329,334309
KITEX,7398145,1090373
MAYURUNIQ,7399937,48950
ROSSELLIND,7401729,26088
DUCON,7411713,394980
UNIMECH,7413761,47244
CONSUMER,7416065,233317
TVSHLTD,7426049,8310
ECAPINSURE,7428865,130420
INDOFARM,7430401,611784
ZUARI,7436801,238150
SGLTL,7443201,250664
QUADFUTURE,7446273,713072
DDEVPLSTIK,7449089,125155
CARERATING,7452929,57918
PCJEWELLER,7455745,55274700
INDUSTOWER,7458561,7620064
LAXMIDENTL,7467777,137377
STALLION,7476225,0
ONESOURCE,7481345,132299
ITCHOTELS,7488257,2760307
DENTA,7489537,421712
VMART,7496705,169437
SUPREME,7536385,112970
AGARWALEYE,7539713,270798
MOSCHIP,7541505,4152764
NEXT30ADD,7542785,38353
PROTEAN,7544833,223748
MCLOUD,7547393,4341115
NIBE,7548673,57774
ORCHASP,7549953,0
GROWWRAIL,7558913,383899
NIFTYIETF,7565569,493363
NIF100BEES,7571713,25506
NATCAPSUQ,7573249,0
REPCOHOME,7577089,194434
AJAXENGG,7583745,107719
HEXT,7594497,461125
BAJAJINDEF,7597569,37069
QPOWER,7606017,474964
GUJTHEM,7611137,175182
NIBL,7611649,37644
MSCIINDIA,7618049,33562
GROWWN200,7647233,84508
VIVIDHA,7648513,421552
NIFTY100EW,7665665,13792
JUSTDIAL,7670273,94161
AONETOTAL,7673601,470886
ATULAUTO,7685889,274682
MOCAPITAL,7696641,460310
ORIENTCEM,7702785,419197
ABFRL,7707649,4137918
SELECTIPO,7707905,16960
EQUAL200,7710977,32005
SAMMAANCAP,7712001,12967871
PRABHA,7714305,26888
CASHIETF,7715585,282355
AXISVALUE,7719681,29604
BHARATSE,7742465,180431
SBIBPB,7754241,12344
ESSENTIA,7762689,1630606
NIF100IETF,7780353,109261
SPECTRUM,7796481,3383
MID150,7800065,50639
AONELIQUID,7800833,24608
PILITA,7893761,82136
THOMASCOTT,7940353,27056
DBSTOCKBRO,7963393,9960
COMPUSOFT,7971329,26502
RHIM,7977729,680132
MCX,7982337,476918
SCHNEIDER,7995905,114722
NDL,8002049,1592116
NBCC,8042241,7207776
LYPSAGEMS,8055809,23363
JPOLYINVST,8065793,18425
SREEL,8150273,6950
EVIETF,193505537,89761
CIFL,193539841,240747
TINNARUBR,193541121,19492
WAAREERTL,193545729,406062
GROWWMOM50,193558017,208055
NPST,193618945,10652
OSWALPUMPS,193741313,288084
GROWWSLVR,193747713,170913
ABLBL,193751809,1262723
ENRIN,193758977,440319
MON50EQUAL,193766401,4261
PRIMO,193772801,82921
THELEELA,193795585,460946
RAJOOENG,193804545,672642
AONENIFTY,193816577,206673
MOMGF,193817345,661
BELRISE,193818113,5792587
EQUAL50,193828353,627
MONEXT50,193834753,4074
AEGISVOPAK,193878017,642839
MOPSE,193902337,809
MOTOUR,193905409,7270
SNXT30BEES,193908481,7587
SCODATUBES,193914369,282213
DIGITIDE,193923841,236945
BLUSPRING,193925121,233477
TRAVELFOOD,193931521,108593
ARISINFRA,193949185,638251
ATHERENERG,193957121,3139937
FISCHER,193960449,555545
LIQGRWBEES,193977601,17790
PICCADIL,193985025,119801
SAMBHV,193988353,1223054
HDBFS,193989633,1148709
BRIGHOTEL,193995265,203561
IGCL,193997057,228062
MOMIDMTM,194001153,29964
RMDRIP,194005505,42901
INDIQUBE,194008321,133403
CRIZAC,194009601,756803
EBGNG,194012673,284665
ANTHEM,194018561,447994
BORANA,194027265,95135
BELLACASA,194032129,9666
QUALITY30,194034177,7527
EUROBOND,194035969,9646
PASHUPATI,194036481,1097
SMARTWORKS,194039041,132187
CHEMBONDCH,194045185,23418
JSLL,194077441,249669
LOTUSDEV,194085121,1004119
MBEL,194086401,1028161
PROSTARM,194092289,470624
ALLTIME,194162689,230719
JSWCEMENT,194165761,2067984
SBILIQETF,194174977,10946
RAYMONDREL,194189057,243397
KALPATARU,194190849,80142
ELLEN,194192129,183308
GLOBECIVIL,194194433,251926
INTERNET,194200321,85086
MANUFGBEES,194218753,5388
EFCIL,194220801,427678
REGAAL,194222081,830641
LTGILTCASE,194228481,112696
MEIL,194239489,85142
SGFIN,194266369,70033
CPPLUS,194267649,288888
LAXMIINDIA,194268929,345171
SGMART,194275585,166148
CPEDU,194288897,26787
ELM250,194291713,344292
SML100CASE,194292481,247973
STLNETWORK,194293249,2587450
AHCL,194295809,0
VIKRAN,194297089,6583834
RNBDENIMS,194299137,77145
GCSL,194300417,0
URBANCO,194325505,8362108
SHRINGARMS,194327809,2167596
HILINFRA,194330369,329661
MWL,194347265,19670
TIGERLOGS,194349057,275847
BLUESTONE,194378497,1879460
PATELRMART,194416385,163630
SHREEJISPG,194418689,725676
VIKRAMSOLR,194419969,1784279
GEMAROMA,194422017,301376
